year,month,day,DOY,ndsi_median,ndsi_mad,snow_fraction,tp,skt,sd,winter_start,winter,winter_day
2018,2,8,39,0.6855771,0.062094837,0.9948371108472301,0.023841858,-12.532349,19.487953,2017,2017-2018,2001-02-08
2018,2,8,39,0.6855771,0.062094837,0.9948371108472301,0.023841858,-12.64563,17.337322,2017,2017-2018,2001-02-08
2018,2,8,39,0.6855771,0.062094837,0.9948371108472301,0.022411346,-12.532349,19.487953,2017,2017-2018,2001-02-08
2018,2,8,39,0.6855771,0.062094837,0.9948371108472301,0.022411346,-12.64563,17.337322,2017,2017-2018,2001-02-08
2018,2,10,41,0.362368,0.03499733,0.029110936270653028,0.02336502,-3.7369385,19.951057,2017,2017-2018,2001-02-10
2018,2,10,41,0.362368,0.03499733,0.029110936270653028,0.02336502,-4.088501,17.745686,2017,2017-2018,2001-02-10
2018,2,10,41,0.362368,0.03499733,0.029110936270653028,0.019550323,-3.7369385,19.951057,2017,2017-2018,2001-02-10
2018,2,10,41,0.362368,0.03499733,0.029110936270653028,0.019550323,-4.088501,17.745686,2017,2017-2018,2001-02-10
2018,2,13,44,0.41046596,0.007638961,0.1284722222222222,0.014305115,-4.141693,20.643711,2017,2017-2018,2001-02-13
2018,2,13,44,0.41046596,0.007638961,0.1284722222222222,0.014305115,-4.094818,18.405437,2017,2017-2018,2001-02-13
2018,2,13,44,0.41046596,0.007638961,0.1284722222222222,0.017166138,-4.141693,20.643711,2017,2017-2018,2001-02-13
2018,2,13,44,0.41046596,0.007638961,0.1284722222222222,0.017166138,-4.094818,18.405437,2017,2017-2018,2001-02-13
2018,2,18,49,0.61272144,0.028144121,0.9790599434207509,0.008583069,-10.434418,22.412968,2017,2017-2018,2001-02-18
2018,2,18,49,0.61272144,0.028144121,0.9790599434207509,0.008583069,-10.518402,20.01934,2017,2017-2018,2001-02-18
2018,2,18,49,0.61272144,0.028144121,0.9790599434207509,0.01335144,-10.434418,22.412968,2017,2017-2018,2001-02-18
2018,2,18,49,0.61272144,0.028144121,0.9790599434207509,0.01335144,-10.518402,20.01934,2017,2017-2018,2001-02-18
2018,2,21,52,0.725518,0.04943359,0.9469082421366802,0.00047683716,-14.117126,22.533894,2017,2017-2018,2001-02-21
2018,2,21,52,0.725518,0.04943359,0.9469082421366802,0.00047683716,-13.896423,20.00351,2017,2017-2018,2001-02-21
2018,2,21,52,0.725518,0.04943359,0.9469082421366802,0.00047683716,-14.117126,22.533894,2017,2017-2018,2001-02-21
2018,2,21,52,0.725518,0.04943359,0.9469082421366802,0.00047683716,-13.896423,20.00351,2017,2017-2018,2001-02-21
2018,2,23,54,0.6584447,0.04935828,0.9140942167751819,0.00047683716,-14.787323,22.392654,2017,2017-2018,2001-02-23
2018,2,23,54,0.6584447,0.04935828,0.9140942167751819,0.00047683716,-14.617401,19.862938,2017,2017-2018,2001-02-23
2018,2,23,54,0.6584447,0.04935828,0.9140942167751819,0.00047683716,-14.787323,22.392654,2017,2017-2018,2001-02-23
2018,2,23,54,0.6584447,0.04935828,0.9140942167751819,0.00047683716,-14.617401,19.862938,2017,2017-2018,2001-02-23
2018,2,25,56,0.6605897,0.075074136,0.9933335768556399,0.0,-11.068207,22.711754,2017,2017-2018,2001-02-25
2018,2,25,56,0.6605897,0.075074136,0.9933335768556399,0.0,-10.628754,20.135784,2017,2017-2018,2001-02-25
2018,2,25,56,0.6605897,0.075074136,0.9933335768556399,0.0,-11.068207,22.711754,2017,2017-2018,2001-02-25
2018,2,25,56,0.6605897,0.075074136,0.9933335768556399,0.0,-10.628754,20.135784,2017,2017-2018,2001-02-25
2018,3,5,64,0.8213295,0.037278175,1.0,0.0014305115,-11.384247,23.917675,2017,2017-2018,2001-03-05
2018,3,5,64,0.8213295,0.037278175,1.0,0.0014305115,-11.304169,21.04969,2017,2017-2018,2001-03-05
2018,3,5,64,0.8213295,0.037278175,1.0,0.0014305115,-11.384247,23.917675,2017,2017-2018,2001-03-05
2018,3,5,64,0.8213295,0.037278175,1.0,0.0014305115,-11.304169,21.04969,2017,2017-2018,2001-03-05
2018,3,8,67,0.61753595,0.016213715,1.0,0.08392334,-9.4045105,24.072838,2017,2017-2018,2001-03-08
2018,3,8,67,0.61753595,0.016213715,1.0,0.08392334,-9.2482605,21.175766,2017,2017-2018,2001-03-08
2018,3,8,67,0.61753595,0.016213715,1.0,0.08392334,-9.4045105,24.072838,2017,2017-2018,2001-03-08
2018,3,8,67,0.61753595,0.016213715,1.0,0.08392334,-9.2482605,21.175766,2017,2017-2018,2001-03-08
2018,3,15,74,0.73413813,0.07994574,0.9620607215963248,0.0,-7.9377747,26.653767,2017,2017-2018,2001-03-15
2018,3,15,74,0.73413813,0.07994574,0.9620607215963248,0.0,-7.8889465,23.392487,2017,2017-2018,2001-03-15
2018,3,15,74,0.73413813,0.07994574,0.9620607215963248,0.0,-7.9377747,26.653767,2017,2017-2018,2001-03-15
2018,3,15,74,0.73413813,0.07994574,0.9620607215963248,0.0,-7.8889465,23.392487,2017,2017-2018,2001-03-15
2018,3,20,79,0.6692724,0.09651023,0.9043129671038054,0.0,-6.3359375,26.976013,2017,2017-2018,2001-03-20
2018,3,20,79,0.6692724,0.09651023,0.9043129671038054,0.0,-6.501953,23.592186,2017,2017-2018,2001-03-20
2018,3,20,79,0.6692724,0.09651023,0.9043129671038054,0.0,-6.3359375,26.976013,2017,2017-2018,2001-03-20
2018,3,20,79,0.6692724,0.09651023,0.9043129671038054,0.0,-6.501953,23.592186,2017,2017-2018,2001-03-20
2018,3,22,81,0.37030318,0.021530196,0.0035460992907801418,0.002861023,-5.176117,27.675629,2017,2017-2018,2001-03-22
2018,3,22,81,0.37030318,0.021530196,0.0035460992907801418,0.002861023,-5.082367,24.36428,2017,2017-2018,2001-03-22
2018,3,22,81,0.37030318,0.021530196,0.0035460992907801418,0.005722046,-5.176117,27.675629,2017,2017-2018,2001-03-22
2018,3,22,81,0.37030318,0.021530196,0.0035460992907801418,0.005722046,-5.082367,24.36428,2017,2017-2018,2001-03-22
2018,3,23,82,0.6873799,0.08275372,0.9196173382498852,0.0,-5.1215515,27.898884,2017,2017-2018,2001-03-23
2018,3,23,82,0.6873799,0.08275372,0.9196173382498852,0.0,-5.2309265,24.574947,2017,2017-2018,2001-03-23
2018,3,23,82,0.6873799,0.08275372,0.9196173382498852,0.0,-5.1215515,27.898884,2017,2017-2018,2001-03-23
2018,3,23,82,0.6873799,0.08275372,0.9196173382498852,0.0,-5.2309265,24.574947,2017,2017-2018,2001-03-23
2018,3,25,84,0.78280765,0.058328718,0.9422757475083057,0.0,-5.360138,27.879429,2017,2017-2018,2001-03-25
2018,3,25,84,0.78280765,0.058328718,0.9422757475083057,0.0,-5.410919,24.56131,2017,2017-2018,2001-03-25
2018,3,25,84,0.78280765,0.058328718,0.9422757475083057,0.0,-5.360138,27.879429,2017,2017-2018,2001-03-25
2018,3,25,84,0.78280765,0.058328718,0.9422757475083057,0.0,-5.410919,24.56131,2017,2017-2018,2001-03-25
2018,3,28,87,0.7111145,0.057882458,0.8968957871396895,0.00667572,-0.9430237,28.293324,2017,2017-2018,2001-03-28
2018,3,28,87,0.7111145,0.057882458,0.8968957871396895,0.00667572,-1.3434143,24.888039,2017,2017-2018,2001-03-28
2018,3,28,87,0.7111145,0.057882458,0.8968957871396895,0.0042915344,-0.9430237,28.293324,2017,2017-2018,2001-03-28
2018,3,28,87,0.7111145,0.057882458,0.8968957871396895,0.0042915344,-1.3434143,24.888039,2017,2017-2018,2001-03-28
2018,3,30,89,0.73473835,0.073043585,0.8887490131649135,0.0,-1.1463318,28.44534,2017,2017-2018,2001-03-30
2018,3,30,89,0.73473835,0.073043585,0.8887490131649135,0.0,-1.2869568,24.953651,2017,2017-2018,2001-03-30
2018,3,30,89,0.73473835,0.073043585,0.8887490131649135,0.0,-1.1463318,28.44534,2017,2017-2018,2001-03-30
2018,3,30,89,0.73473835,0.073043585,0.8887490131649135,0.0,-1.2869568,24.953651,2017,2017-2018,2001-03-30
2018,4,1,91,0.73667455,0.09581944,0.8918458465515215,0.0,-0.21835327,29.211426,2017,2017-2018,2001-04-01
2018,4,1,91,0.73667455,0.09581944,0.8918458465515215,0.0,-0.15585327,25.63839,2017,2017-2018,2001-04-01
2018,4,1,91,0.73667455,0.09581944,0.8918458465515215,0.0,-0.21835327,29.211426,2017,2017-2018,2001-04-01
2018,4,1,91,0.73667455,0.09581944,0.8918458465515215,0.0,-0.15585327,25.63839,2017,2017-2018,2001-04-01
2018,4,4,94,0.7919749,0.055544317,0.9420963651732882,0.0,1.4913635,29.495907,2017,2017-2018,2001-04-04
2018,4,4,94,0.7919749,0.055544317,0.9420963651732882,0.0,1.4698792,25.92392,2017,2017-2018,2001-04-04
2018,4,4,94,0.7919749,0.055544317,0.9420963651732882,0.0,1.4913635,29.495907,2017,2017-2018,2001-04-04
2018,4,4,94,0.7919749,0.055544317,0.9420963651732882,0.0,1.4698792,25.92392,2017,2017-2018,2001-04-04
2018,4,7,97,0.8284161,0.060059845,0.9409528733651213,0.015258789,3.4991455,30.44386,2017,2017-2018,2001-04-07
2018,4,7,97,0.8284161,0.060059845,0.9409528733651213,0.015258789,3.3741455,26.613712,2017,2017-2018,2001-04-07
2018,4,7,97,0.8284161,0.060059845,0.9409528733651213,0.02861023,3.4991455,30.44386,2017,2017-2018,2001-04-07
2018,4,7,97,0.8284161,0.060059845,0.9409528733651213,0.02861023,3.3741455,26.613712,2017,2017-2018,2001-04-07
2018,4,11,101,0.7709377,0.082693666,0.943547764306124,0.0,2.8956604,31.867695,2017,2017-2018,2001-04-11
2018,4,11,101,0.7709377,0.082693666,0.943547764306124,0.0,2.8761292,27.845192,2017,2017-2018,2001-04-11
2018,4,11,101,0.7709377,0.082693666,0.943547764306124,0.0,2.8956604,31.867695,2017,2017-2018,2001-04-11
2018,4,11,101,0.7709377,0.082693666,0.943547764306124,0.0,2.8761292,27.845192,2017,2017-2018,2001-04-11
2018,4,16,106,0.73856634,0.17059302,0.8081865778200856,0.0,10.467865,33.491135,2017,2017-2018,2001-04-16
2018,4,16,106,0.73856634,0.17059302,0.8081865778200856,0.0,10.338959,29.177284,2017,2017-2018,2001-04-16
2018,4,16,106,0.73856634,0.17059302,0.8081865778200856,0.0,10.467865,33.491135,2017,2017-2018,2001-04-16
2018,4,16,106,0.73856634,0.17059302,0.8081865778200856,0.0,10.338959,29.177284,2017,2017-2018,2001-04-16
2018,4,17,107,0.7501066,0.21234652,0.7390377704717486,0.0,9.744049,32.645035,2017,2017-2018,2001-04-17
2018,4,17,107,0.7501066,0.21234652,0.7390377704717486,0.0,9.61319,28.267574,2017,2017-2018,2001-04-17
2018,4,17,107,0.7501066,0.21234652,0.7390377704717486,0.0,9.744049,32.645035,2017,2017-2018,2001-04-17
2018,4,17,107,0.7501066,0.21234652,0.7390377704717486,0.0,9.61319,28.267574,2017,2017-2018,2001-04-17
2018,4,26,116,0.731788,0.13398641,0.7784439115374368,0.0104904175,7.046417,24.932098,2017,2017-2018,2001-04-26
2018,4,26,116,0.731788,0.13398641,0.7784439115374368,0.0104904175,6.827667,19.76471,2017,2017-2018,2001-04-26
2018,4,26,116,0.731788,0.13398641,0.7784439115374368,0.008583069,7.046417,24.932098,2017,2017-2018,2001-04-26
2018,4,26,116,0.731788,0.13398641,0.7784439115374368,0.008583069,6.827667,19.76471,2017,2017-2018,2001-04-26
2018,4,27,117,0.4853658,0.43728822,0.5343280849505676,0.00047683716,6.794464,24.127007,2017,2017-2018,2001-04-27
2018,4,27,117,0.4853658,0.43728822,0.5343280849505676,0.00047683716,6.5014954,19.015217,2017,2017-2018,2001-04-27
2018,4,27,117,0.4853658,0.43728822,0.5343280849505676,0.00047683716,6.794464,24.127007,2017,2017-2018,2001-04-27
2018,4,27,117,0.4853658,0.43728822,0.5343280849505676,0.00047683716,6.5014954,19.015217,2017,2017-2018,2001-04-27
2018,4,29,119,0.2553637,0.1512311,0.15070921985815602,0.066280365,5.2276917,22.753143,2017,2017-2018,2001-04-29
2018,4,29,119,0.2553637,0.1512311,0.15070921985815602,0.066280365,5.1808167,17.420006,2017,2017-2018,2001-04-29
2018,4,29,119,0.2553637,0.1512311,0.15070921985815602,0.05722046,5.2276917,22.753143,2017,2017-2018,2001-04-29
2018,4,29,119,0.2553637,0.1512311,0.15070921985815602,0.05722046,5.1808167,17.420006,2017,2017-2018,2001-04-29
2019,2,11,42,0.699862,0.044610858,0.9953854402021981,0.0014305115,-5.509796,8.874989,2018,2018-2019,2001-02-11
2019,2,11,42,0.699862,0.044610858,0.9953854402021981,0.0014305115,-5.1250305,8.559704,2018,2018-2019,2001-02-11
2019,2,11,42,0.699862,0.044610858,0.9953854402021981,0.002861023,-5.509796,8.874989,2018,2018-2019,2001-02-11
2019,2,11,42,0.699862,0.044610858,0.9953854402021981,0.002861023,-5.1250305,8.559704,2018,2018-2019,2001-02-11
2019,2,13,44,0.37371492,0.013624921,0.0,0.006198883,-12.441711,8.94556,2018,2018-2019,2001-02-13
2019,2,13,44,0.37371492,0.013624921,0.0,0.006198883,-12.117493,8.65593,2018,2018-2019,2001-02-13
2019,2,13,44,0.37371492,0.013624921,0.0,0.00667572,-12.441711,8.94556,2018,2018-2019,2001-02-13
2019,2,13,44,0.37371492,0.013624921,0.0,0.00667572,-12.117493,8.65593,2018,2018-2019,2001-02-13
2019,2,20,51,0.72085387,0.050463974,0.944189594871744,0.0,-7.6363525,11.07626,2018,2018-2019,2001-02-20
2019,2,20,51,0.72085387,0.050463974,0.944189594871744,0.0,-7.474243,10.741615,2018,2018-2019,2001-02-20
2019,2,20,51,0.72085387,0.050463974,0.944189594871744,0.0,-7.6363525,11.07626,2018,2018-2019,2001-02-20
2019,2,20,51,0.72085387,0.050463974,0.944189594871744,0.0,-7.474243,10.741615,2018,2018-2019,2001-02-20
2019,2,21,52,0.74099916,0.047712475,0.9402603618263616,0.0,-15.616852,10.858059,2018,2018-2019,2001-02-21
2019,2,21,52,0.74099916,0.047712475,0.9402603618263616,0.0,-15.737946,10.491753,2018,2018-2019,2001-02-21
2019,2,21,52,0.74099916,0.047712475,0.9402603618263616,0.0,-15.616852,10.858059,2018,2018-2019,2001-02-21
2019,2,21,52,0.74099916,0.047712475,0.9402603618263616,0.0,-15.737946,10.491753,2018,2018-2019,2001-02-21
2019,2,25,56,0.87492216,0.09750697,0.9235129916066,0.0,4.1519165,11.545944,2018,2018-2019,2001-02-25
2019,2,25,56,0.87492216,0.09750697,0.9235129916066,0.0,3.956604,11.1763,2018,2018-2019,2001-02-25
2019,2,25,56,0.87492216,0.09750697,0.9235129916066,0.0,4.1519165,11.545944,2018,2018-2019,2001-02-25
2019,2,25,56,0.87492216,0.09750697,0.9235129916066,0.0,3.956604,11.1763,2018,2018-2019,2001-02-25
2019,2,26,57,0.60608566,0.10951057,0.9087664304717752,0.0009536743,-0.004547119,12.007046,2018,2018-2019,2001-02-26
2019,2,26,57,0.60608566,0.10951057,0.9087664304717752,0.0009536743,-0.17251587,11.614895,2018,2018-2019,2001-02-26
2019,2,26,57,0.60608566,0.10951057,0.9087664304717752,0.0009536743,-0.004547119,12.007046,2018,2018-2019,2001-02-26
2019,2,26,57,0.60608566,0.10951057,0.9087664304717752,0.0009536743,-0.17251587,11.614895,2018,2018-2019,2001-02-26
2019,2,28,59,0.7926948,0.1349858,0.8936749751510055,0.0,-6.727356,12.164021,2018,2018-2019,2001-02-28
2019,2,28,59,0.7926948,0.1349858,0.8936749751510055,0.0,-6.772278,11.72657,2018,2018-2019,2001-02-28
2019,2,28,59,0.7926948,0.1349858,0.8936749751510055,0.0,-6.727356,12.164021,2018,2018-2019,2001-02-28
2019,2,28,59,0.7926948,0.1349858,0.8936749751510055,0.0,-6.772278,11.72657,2018,2018-2019,2001-02-28
2019,3,2,61,0.71931154,0.09415424,0.9259645464025026,0.0,-8.502167,12.248516,2018,2018-2019,2001-03-02
2019,3,2,61,0.71931154,0.09415424,0.9259645464025026,0.0,-8.527557,11.811447,2018,2018-2019,2001-03-02
2019,3,2,61,0.71931154,0.09415424,0.9259645464025026,0.0,-8.502167,12.248516,2018,2018-2019,2001-03-02
2019,3,2,61,0.71931154,0.09415424,0.9259645464025026,0.0,-8.527557,11.811447,2018,2018-2019,2001-03-02
2019,3,3,62,0.79394513,0.12583166,0.8844175954424669,0.0,-12.929108,12.272453,2018,2018-2019,2001-03-03
2019,3,3,62,0.79394513,0.12583166,0.8844175954424669,0.0,-12.913483,11.798668,2018,2018-2019,2001-03-03
2019,3,3,62,0.79394513,0.12583166,0.8844175954424669,0.0,-12.929108,12.272453,2018,2018-2019,2001-03-03
2019,3,3,62,0.79394513,0.12583166,0.8844175954424669,0.0,-12.913483,11.798668,2018,2018-2019,2001-03-03
2019,3,5,64,0.66319656,0.10816109,0.8247574796722443,0.0,-11.082855,12.260914,2018,2018-2019,2001-03-05
2019,3,5,64,0.66319656,0.10816109,0.8247574796722443,0.0,-11.137543,11.811638,2018,2018-2019,2001-03-05
2019,3,5,64,0.66319656,0.10816109,0.8247574796722443,0.0,-11.082855,12.260914,2018,2018-2019,2001-03-05
2019,3,5,64,0.66319656,0.10816109,0.8247574796722443,0.0,-11.137543,11.811638,2018,2018-2019,2001-03-05
2019,3,7,66,0.69977915,0.09503907,0.8378411958100772,0.0,-4.6426086,12.3521805,2018,2018-2019,2001-03-07
2019,3,7,66,0.69977915,0.09503907,0.8378411958100772,0.0,-4.7969055,11.896038,2018,2018-2019,2001-03-07
2019,3,7,66,0.69977915,0.09503907,0.8378411958100772,0.0,-4.6426086,12.3521805,2018,2018-2019,2001-03-07
2019,3,7,66,0.69977915,0.09503907,0.8378411958100772,0.0,-4.7969055,11.896038,2018,2018-2019,2001-03-07
2019,3,10,69,0.5795678,0.007879138,1.0,0.228405,-4.2605286,15.216064,2018,2018-2019,2001-03-10
2019,3,10,69,0.5795678,0.007879138,1.0,0.228405,-4.2722473,14.651203,2018,2018-2019,2001-03-10
2019,3,10,69,0.5795678,0.007879138,1.0,0.18692017,-4.2605286,15.216064,2018,2018-2019,2001-03-10
2019,3,10,69,0.5795678,0.007879138,1.0,0.18692017,-4.2722473,14.651203,2018,2018-2019,2001-03-10
2019,3,12,71,0.7760779,0.058784485,0.9337370242214533,0.0,-6.299591,14.309025,2018,2018-2019,2001-03-12
2019,3,12,71,0.7760779,0.058784485,0.9337370242214533,0.0,-6.3523254,13.556576,2018,2018-2019,2001-03-12
2019,3,12,71,0.7760779,0.058784485,0.9337370242214533,0.0,-6.299591,14.309025,2018,2018-2019,2001-03-12
2019,3,12,71,0.7760779,0.058784485,0.9337370242214533,0.0,-6.3523254,13.556576,2018,2018-2019,2001-03-12
2019,3,13,72,0.68052137,0.04564008,0.9782766111513396,0.0,-7.3110046,14.324474,2018,2018-2019,2001-03-13
2019,3,13,72,0.68052137,0.04564008,0.9782766111513396,0.0,-7.4320984,13.5492325,2018,2018-2019,2001-03-13
2019,3,13,72,0.68052137,0.04564008,0.9782766111513396,0.0,-7.3110046,14.324474,2018,2018-2019,2001-03-13
2019,3,13,72,0.68052137,0.04564008,0.9782766111513396,0.0,-7.4320984,13.5492325,2018,2018-2019,2001-03-13
2019,3,22,81,0.7318245,0.033406913,0.9389862267467691,0.0,2.4685364,19.707298,2018,2018-2019,2001-03-22
2019,3,22,81,0.7318245,0.033406913,0.9389862267467691,0.0,2.3240051,18.954945,2018,2018-2019,2001-03-22
2019,3,22,81,0.7318245,0.033406913,0.9389862267467691,0.0,2.4685364,19.707298,2018,2018-2019,2001-03-22
2019,3,22,81,0.7318245,0.033406913,0.9389862267467691,0.0,2.3240051,18.954945,2018,2018-2019,2001-03-22
2019,3,25,84,0.9398314,0.019685,0.9938271604938271,0.0009536743,-0.7661743,19.662952,2018,2018-2019,2001-03-25
2019,3,25,84,0.9398314,0.019685,0.9938271604938271,0.0009536743,-0.7974243,18.70203,2018,2018-2019,2001-03-25
2019,3,25,84,0.9398314,0.019685,0.9938271604938271,0.0009536743,-0.7661743,19.662952,2018,2018-2019,2001-03-25
2019,3,25,84,0.9398314,0.019685,0.9938271604938271,0.0009536743,-0.7974243,18.70203,2018,2018-2019,2001-03-25
2019,3,30,89,0.79347825,0.07902503,0.9950769230769231,0.002861023,2.47818,18.840504,2018,2018-2019,2001-03-30
2019,3,30,89,0.79347825,0.07902503,0.9950769230769231,0.002861023,2.3492737,17.547989,2018,2018-2019,2001-03-30
2019,3,30,89,0.79347825,0.07902503,0.9950769230769231,0.005722046,2.47818,18.840504,2018,2018-2019,2001-03-30
2019,3,30,89,0.79347825,0.07902503,0.9950769230769231,0.005722046,2.3492737,17.547989,2018,2018-2019,2001-03-30
2019,4,1,91,0.6753291,0.12777904,0.7776837381411644,0.0,1.7460938,19.430733,2018,2018-2019,2001-04-01
2019,4,1,91,0.6753291,0.12777904,0.7776837381411644,0.0,1.6132812,18.077183,2018,2018-2019,2001-04-01
2019,4,1,91,0.6753291,0.12777904,0.7776837381411644,0.0,1.7460938,19.430733,2018,2018-2019,2001-04-01
2019,4,1,91,0.6753291,0.12777904,0.7776837381411644,0.0,1.6132812,18.077183,2018,2018-2019,2001-04-01
2019,4,2,92,0.7650641,0.14729851,0.823578943197353,0.0,4.5811462,19.627285,2018,2018-2019,2001-04-02
2019,4,2,92,0.7650641,0.14729851,0.823578943197353,0.0,4.5108337,18.208218,2018,2018-2019,2001-04-02
2019,4,2,92,0.7650641,0.14729851,0.823578943197353,0.0,4.5811462,19.627285,2018,2018-2019,2001-04-02
2019,4,2,92,0.7650641,0.14729851,0.823578943197353,0.0,4.5108337,18.208218,2018,2018-2019,2001-04-02
2019,4,9,99,0.6672227,0.10606784,0.9003695758922803,0.00667572,-0.59381104,21.113491,2018,2018-2019,2001-04-09
2019,4,9,99,0.6672227,0.10606784,0.9003695758922803,0.00667572,-0.7070923,19.490433,2018,2018-2019,2001-04-09
2019,4,9,99,0.6672227,0.10606784,0.9003695758922803,0.005722046,-0.59381104,21.113491,2018,2018-2019,2001-04-09
2019,4,9,99,0.6672227,0.10606784,0.9003695758922803,0.005722046,-0.7070923,19.490433,2018,2018-2019,2001-04-09
2019,4,11,101,0.55435944,0.091917574,0.8194930409765959,0.0,2.7427063,20.906162,2018,2018-2019,2001-04-11
2019,4,11,101,0.55435944,0.091917574,0.8194930409765959,0.0,2.691925,19.18478,2018,2018-2019,2001-04-11
2019,4,11,101,0.55435944,0.091917574,0.8194930409765959,0.0,2.7427063,20.906162,2018,2018-2019,2001-04-11
2019,4,11,101,0.55435944,0.091917574,0.8194930409765959,0.0,2.691925,19.18478,2018,2018-2019,2001-04-11
2019,4,12,102,0.6166749,0.16031377,0.8034724636495634,0.006198883,5.3212585,20.878792,2018,2018-2019,2001-04-12
2019,4,12,102,0.6166749,0.16031377,0.8034724636495634,0.006198883,5.1650085,19.132805,2018,2018-2019,2001-04-12
2019,4,12,102,0.6166749,0.16031377,0.8034724636495634,0.017642975,5.3212585,20.878792,2018,2018-2019,2001-04-12
2019,4,12,102,0.6166749,0.16031377,0.8034724636495634,0.017642975,5.1650085,19.132805,2018,2018-2019,2001-04-12
2019,4,14,104,0.7780248,0.17737314,0.7998634207121292,0.0,6.910797,20.52164,2018,2018-2019,2001-04-14
2019,4,14,104,0.7780248,0.17737314,0.7998634207121292,0.0,6.6998596,18.828487,2018,2018-2019,2001-04-14
2019,4,14,104,0.7780248,0.17737314,0.7998634207121292,0.0,6.910797,20.52164,2018,2018-2019,2001-04-14
2019,4,14,104,0.7780248,0.17737314,0.7998634207121292,0.0,6.6998596,18.828487,2018,2018-2019,2001-04-14
2019,4,16,106,0.63646877,0.32081917,0.6309446440859393,0.0,7.906372,18.2518,2018,2018-2019,2001-04-16
2019,4,16,106,0.63646877,0.32081917,0.6309446440859393,0.0,7.668091,16.461277,2018,2018-2019,2001-04-16
2019,4,16,106,0.63646877,0.32081917,0.6309446440859393,0.0,7.906372,18.2518,2018,2018-2019,2001-04-16
2019,4,16,106,0.63646877,0.32081917,0.6309446440859393,0.0,7.668091,16.461277,2018,2018-2019,2001-04-16
2019,4,19,109,0.53402656,0.41261223,0.5581179753803808,0.0,8.259766,16.132927,2018,2018-2019,2001-04-19
2019,4,19,109,0.53402656,0.41261223,0.5581179753803808,0.0,8.080078,14.32991,2018,2018-2019,2001-04-19
2019,4,19,109,0.53402656,0.41261223,0.5581179753803808,0.0,8.259766,16.132927,2018,2018-2019,2001-04-19
2019,4,19,109,0.53402656,0.41261223,0.5581179753803808,0.0,8.080078,14.32991,2018,2018-2019,2001-04-19
2019,4,22,112,0.17463617,0.31151402,0.34121373889068135,0.0,8.657349,12.386894,2018,2018-2019,2001-04-22
2019,4,22,112,0.17463617,0.31151402,0.34121373889068135,0.0,8.505005,10.498142,2018,2018-2019,2001-04-22
2019,4,22,112,0.17463617,0.31151402,0.34121373889068135,0.0,8.657349,12.386894,2018,2018-2019,2001-04-22
2019,4,22,112,0.17463617,0.31151402,0.34121373889068135,0.0,8.505005,10.498142,2018,2018-2019,2001-04-22
2019,4,24,114,0.12764409,0.3478338,0.3804667788057191,0.0,12.233215,9.06105,2018,2018-2019,2001-04-24
2019,4,24,114,0.12764409,0.3478338,0.3804667788057191,0.0,12.06134,6.8691254,2018,2018-2019,2001-04-24
2019,4,24,114,0.12764409,0.3478338,0.3804667788057191,0.0,12.233215,9.06105,2018,2018-2019,2001-04-24
2019,4,24,114,0.12764409,0.3478338,0.3804667788057191,0.0,12.06134,6.8691254,2018,2018-2019,2001-04-24
2019,4,26,116,-0.21056029,0.42626595,0.32440646863172384,0.0,13.132874,7.191372,2018,2018-2019,2001-04-26
2019,4,26,116,-0.21056029,0.42626595,0.32440646863172384,0.0,13.410217,4.8249245,2018,2018-2019,2001-04-26
2019,4,26,116,-0.21056029,0.42626595,0.32440646863172384,0.0,13.132874,7.191372,2018,2018-2019,2001-04-26
2019,4,26,116,-0.21056029,0.42626595,0.32440646863172384,0.0,13.410217,4.8249245,2018,2018-2019,2001-04-26
2019,4,27,117,0.057304256,0.25035572,0.2862755724156618,0.0,6.2211304,4.8482895,2018,2018-2019,2001-04-27
2019,4,27,117,0.057304256,0.25035572,0.2862755724156618,0.0,6.525818,2.7341843,2018,2018-2019,2001-04-27
2019,4,27,117,0.057304256,0.25035572,0.2862755724156618,0.0,6.2211304,4.8482895,2018,2018-2019,2001-04-27
2019,4,27,117,0.057304256,0.25035572,0.2862755724156618,0.0,6.525818,2.7341843,2018,2018-2019,2001-04-27
2019,4,29,119,-0.2766948,0.28168648,0.26590258432056757,0.0,8.97522,3.8585663,2018,2018-2019,2001-04-29
2019,4,29,119,-0.2766948,0.28168648,0.26590258432056757,0.0,9.35022,2.672577,2018,2018-2019,2001-04-29
2019,4,29,119,-0.2766948,0.28168648,0.26590258432056757,0.0,8.97522,3.8585663,2018,2018-2019,2001-04-29
2019,4,29,119,-0.2766948,0.28168648,0.26590258432056757,0.0,9.35022,2.672577,2018,2018-2019,2001-04-29
2019,11,5,309,0.5533922,0.1273593,0.8357420403631894,0.0019073486,-11.408295,2.4490356,2019,2019-2020,2000-11-05
2019,11,5,309,0.5533922,0.1273593,0.8357420403631894,0.0019073486,-10.964935,2.6272774,2019,2019-2020,2000-11-05
2019,11,5,309,0.5533922,0.1273593,0.8357420403631894,0.0019073486,-11.408295,2.4490356,2019,2019-2020,2000-11-05
2019,11,5,309,0.5533922,0.1273593,0.8357420403631894,0.0019073486,-10.964935,2.6272774,2019,2019-2020,2000-11-05
2019,11,8,312,0.6660869,0.012993813,1.0,0.005722046,-10.407623,1.9983292,2019,2019-2020,2000-11-08
2019,11,8,312,0.6660869,0.012993813,1.0,0.005722046,-10.378326,2.261734,2019,2019-2020,2000-11-08
2019,11,8,312,0.6660869,0.012993813,1.0,0.0047683716,-10.407623,1.9983292,2019,2019-2020,2000-11-08
2019,11,8,312,0.6660869,0.012993813,1.0,0.0047683716,-10.378326,2.261734,2019,2019-2020,2000-11-08
2020,2,3,34,0.70534015,0.05396208,0.9386805180787912,0.0,-6.3677063,18.363857,2019,2019-2020,2001-02-03
2020,2,3,34,0.70534015,0.05396208,0.9386805180787912,0.0,-6.379425,17.218018,2019,2019-2020,2001-02-03
2020,2,3,34,0.70534015,0.05396208,0.9386805180787912,0.0,-6.3677063,18.363857,2019,2019-2020,2001-02-03
2020,2,3,34,0.70534015,0.05396208,0.9386805180787912,0.0,-6.379425,17.218018,2019,2019-2020,2001-02-03
2020,2,6,37,0.7136121,0.05001381,0.9569861208032876,0.0,-6.957123,18.08405,2019,2019-2020,2001-02-06
2020,2,6,37,0.7136121,0.05001381,0.9569861208032876,0.0,-7.1270447,16.820335,2019,2019-2020,2001-02-06
2020,2,6,37,0.7136121,0.05001381,0.9569861208032876,0.0,-6.957123,18.08405,2019,2019-2020,2001-02-06
2020,2,6,37,0.7136121,0.05001381,0.9569861208032876,0.0,-7.1270447,16.820335,2019,2019-2020,2001-02-06
2020,2,10,41,0.4100424,0.0033985823,0.0,0.42152405,1.8616028,20.509148,2019,2019-2020,2001-02-10
2020,2,10,41,0.4100424,0.0033985823,0.0,0.42152405,1.8772278,18.985653,2019,2019-2020,2001-02-10
2020,2,10,41,0.4100424,0.0033985823,0.0,0.3862381,1.8616028,20.509148,2019,2019-2020,2001-02-10
2020,2,10,41,0.4100424,0.0033985823,0.0,0.3862381,1.8772278,18.985653,2019,2019-2020,2001-02-10
2020,2,18,49,0.36618432,0.026045442,0.007142857142857143,0.00667572,-0.97909546,24.172878,2019,2019-2020,2001-02-18
2020,2,18,49,0.36618432,0.026045442,0.007142857142857143,0.00667572,-0.85214233,22.279549,2019,2019-2020,2001-02-18
2020,2,18,49,0.36618432,0.026045442,0.007142857142857143,0.019073486,-0.97909546,24.172878,2019,2019-2020,2001-02-18
2020,2,18,49,0.36618432,0.026045442,0.007142857142857143,0.019073486,-0.85214233,22.279549,2019,2019-2020,2001-02-18
2020,2,20,51,0.64526343,0.06201613,1.0,0.0009536743,-10.245819,24.52612,2019,2019-2020,2001-02-20
2020,2,20,51,0.64526343,0.06201613,1.0,0.0009536743,-10.429413,22.625542,2019,2019-2020,2001-02-20
2020,2,20,51,0.64526343,0.06201613,1.0,0.00047683716,-10.245819,24.52612,2019,2019-2020,2001-02-20
2020,2,20,51,0.64526343,0.06201613,1.0,0.00047683716,-10.429413,22.625542,2019,2019-2020,2001-02-20
2020,2,23,54,0.579845,0.08561407,0.9992424242424243,0.0,-0.21438599,26.63536,2019,2019-2020,2001-02-23
2020,2,23,54,0.579845,0.08561407,0.9992424242424243,0.0,-0.2554016,24.671936,2019,2019-2020,2001-02-23
2020,2,23,54,0.579845,0.08561407,0.9992424242424243,0.00047683716,-0.21438599,26.63536,2019,2019-2020,2001-02-23
2020,2,23,54,0.579845,0.08561407,0.9992424242424243,0.00047683716,-0.2554016,24.671936,2019,2019-2020,2001-02-23
2020,2,25,56,0.7246226,0.07830328,0.9622641509433962,0.0,-7.5064697,26.874256,2019,2019-2020,2001-02-25
2020,2,25,56,0.7246226,0.07830328,0.9622641509433962,0.0,-7.619751,24.88079,2019,2019-2020,2001-02-25
2020,2,25,56,0.7246226,0.07830328,0.9622641509433962,0.0,-7.5064697,26.874256,2019,2019-2020,2001-02-25
2020,2,25,56,0.7246226,0.07830328,0.9622641509433962,0.0,-7.619751,24.88079,2019,2019-2020,2001-02-25
2020,2,26,57,0.73613906,0.065629184,0.9647884589247229,0.0076293945,-14.115875,26.578331,2019,2019-2020,2001-02-26
2020,2,26,57,0.73613906,0.065629184,0.9647884589247229,0.0076293945,-14.365875,24.542713,2019,2019-2020,2001-02-26
2020,2,26,57,0.73613906,0.065629184,0.9647884589247229,0.0052452087,-14.115875,26.578331,2019,2019-2020,2001-02-26
2020,2,26,57,0.73613906,0.065629184,0.9647884589247229,0.0052452087,-14.365875,24.542713,2019,2019-2020,2001-02-26
2020,2,28,59,0.799096,0.060052276,0.9483809924306139,0.0,-7.912079,26.842022,2019,2019-2020,2001-02-28
2020,2,28,59,0.799096,0.060052276,0.9483809924306139,0.0,-7.9237976,24.788761,2019,2019-2020,2001-02-28
2020,2,28,59,0.799096,0.060052276,0.9483809924306139,0.0,-7.912079,26.842022,2019,2019-2020,2001-02-28
2020,2,28,59,0.799096,0.060052276,0.9483809924306139,0.0,-7.9237976,24.788761,2019,2019-2020,2001-02-28
2020,3,4,64,0.76583064,0.07998252,0.9284639158705948,0.0,-8.3749695,27.127361,2019,2019-2020,2001-03-04
2020,3,4,64,0.76583064,0.07998252,0.9284639158705948,0.0,-8.373016,25.017643,2019,2019-2020,2001-03-04
2020,3,4,64,0.76583064,0.07998252,0.9284639158705948,0.0,-8.3749695,27.127361,2019,2019-2020,2001-03-04
2020,3,4,64,0.76583064,0.07998252,0.9284639158705948,0.0,-8.373016,25.017643,2019,2019-2020,2001-03-04
2020,3,6,66,0.6621196,0.043341815,0.9900706289462471,0.0,-3.0128174,28.598213,2019,2019-2020,2001-03-06
2020,3,6,66,0.6621196,0.043341815,0.9900706289462471,0.0,-2.975708,26.4678,2019,2019-2020,2001-03-06
2020,3,6,66,0.6621196,0.043341815,0.9900706289462471,0.0,-3.0128174,28.598213,2019,2019-2020,2001-03-06
2020,3,6,66,0.6621196,0.043341815,0.9900706289462471,0.0,-2.975708,26.4678,2019,2019-2020,2001-03-06
2020,3,14,74,0.5588762,0.17023687,0.7079845460399228,0.0,-6.3567505,29.61855,2019,2019-2020,2001-03-14
2020,3,14,74,0.5588762,0.17023687,0.7079845460399228,0.0,-6.5598755,27.013874,2019,2019-2020,2001-03-14
2020,3,14,74,0.5588762,0.17023687,0.7079845460399228,0.0,-6.3567505,29.61855,2019,2019-2020,2001-03-14
2020,3,14,74,0.5588762,0.17023687,0.7079845460399228,0.0,-6.5598755,27.013874,2019,2019-2020,2001-03-14
2020,3,16,76,0.67393714,0.07376826,0.936537496154033,0.0,-1.1304321,30.888176,2019,2019-2020,2001-03-16
2020,3,16,76,0.67393714,0.07376826,0.936537496154033,0.0,-1.2749634,28.242016,2019,2019-2020,2001-03-16
2020,3,16,76,0.67393714,0.07376826,0.936537496154033,0.0,-1.1304321,30.888176,2019,2019-2020,2001-03-16
2020,3,16,76,0.67393714,0.07376826,0.936537496154033,0.0,-1.2749634,28.242016,2019,2019-2020,2001-03-16
2020,3,19,79,0.69510454,0.04341507,1.0,0.0,-1.4295349,31.84433,2019,2019-2020,2001-03-19
2020,3,19,79,0.69510454,0.04341507,1.0,0.0,-1.4295349,28.903198,2019,2019-2020,2001-03-19
2020,3,19,79,0.69510454,0.04341507,1.0,0.0,-1.4295349,31.84433,2019,2019-2020,2001-03-19
2020,3,19,79,0.69510454,0.04341507,1.0,0.0,-1.4295349,28.903198,2019,2019-2020,2001-03-19
2020,3,21,81,0.73269135,0.091730416,0.9178912070356369,0.0,-3.7149048,31.939888,2019,2019-2020,2001-03-21
2020,3,21,81,0.73269135,0.091730416,0.9178912070356369,0.0,-3.9336548,28.948307,2019,2019-2020,2001-03-21
2020,3,21,81,0.73269135,0.091730416,0.9178912070356369,0.0,-3.7149048,31.939888,2019,2019-2020,2001-03-21
2020,3,21,81,0.73269135,0.091730416,0.9178912070356369,0.0,-3.9336548,28.948307,2019,2019-2020,2001-03-21
2020,3,24,84,0.84765494,0.07043305,0.9208846242067437,0.07009506,3.5359497,32.34434,2019,2019-2020,2001-03-24
2020,3,24,84,0.84765494,0.07043305,0.9208846242067437,0.07009506,3.4226685,29.20494,2019,2019-2020,2001-03-24
2020,3,24,84,0.84765494,0.07043305,0.9208846242067437,0.04005432,3.5359497,32.34434,2019,2019-2020,2001-03-24
2020,3,24,84,0.84765494,0.07043305,0.9208846242067437,0.04005432,3.4226685,29.20494,2019,2019-2020,2001-03-24
2020,3,26,86,0.8408909,0.12876436,0.8835060019879196,0.0,4.865753,32.476997,2019,2019-2020,2001-03-26
2020,3,26,86,0.8408909,0.12876436,0.8835060019879196,0.0,4.7641907,29.192066,2019,2019-2020,2001-03-26
2020,3,26,86,0.8408909,0.12876436,0.8835060019879196,0.0,4.865753,32.476997,2019,2019-2020,2001-03-26
2020,3,26,86,0.8408909,0.12876436,0.8835060019879196,0.0,4.7641907,29.192066,2019,2019-2020,2001-03-26
2020,3,29,89,0.7242873,0.14721793,0.9055793991416309,0.016212463,-2.2263489,32.712746,2019,2019-2020,2001-03-29
2020,3,29,89,0.7242873,0.14721793,0.9055793991416309,0.016212463,-2.3240051,29.232311,2019,2019-2020,2001-03-29
2020,3,29,89,0.7242873,0.14721793,0.9055793991416309,0.019073486,-2.2263489,32.712746,2019,2019-2020,2001-03-29
2020,3,29,89,0.7242873,0.14721793,0.9055793991416309,0.019073486,-2.3240051,29.232311,2019,2019-2020,2001-03-29
2020,4,1,92,0.6576611,0.048547,0.9995775956745797,0.05340576,-2.4537659,33.62856,2019,2019-2020,2001-04-01
2020,4,1,92,0.6576611,0.048547,0.9995775956745797,0.05340576,-2.5553284,30.165386,2019,2019-2020,2001-04-01
2020,4,1,92,0.6576611,0.048547,0.9995775956745797,0.058174133,-2.4537659,33.62856,2019,2019-2020,2001-04-01
2020,4,1,92,0.6576611,0.048547,0.9995775956745797,0.058174133,-2.5553284,30.165386,2019,2019-2020,2001-04-01
2020,4,5,96,0.6666667,0.10144532,0.8759604125563415,0.012874603,-1.6124268,33.965492,2019,2019-2020,2001-04-05
2020,4,5,96,0.6666667,0.10144532,0.8759604125563415,0.012874603,-1.7452393,30.228615,2019,2019-2020,2001-04-05
2020,4,5,96,0.6666667,0.10144532,0.8759604125563415,0.015258789,-1.6124268,33.965492,2019,2019-2020,2001-04-05
2020,4,5,96,0.6666667,0.10144532,0.8759604125563415,0.015258789,-1.7452393,30.228615,2019,2019-2020,2001-04-05
2020,4,6,97,0.7126603,0.09636313,0.9447014297729184,0.014781952,0.55462646,33.87146,2019,2019-2020,2001-04-06
2020,4,6,97,0.7126603,0.09636313,0.9447014297729184,0.014781952,0.5350952,30.055714,2019,2019-2020,2001-04-06
2020,4,6,97,0.7126603,0.09636313,0.9447014297729184,0.01335144,0.55462646,33.87146,2019,2019-2020,2001-04-06
2020,4,6,97,0.7126603,0.09636313,0.9447014297729184,0.01335144,0.5350952,30.055714,2019,2019-2020,2001-04-06
2020,4,11,102,0.7828401,0.17306978,0.8034259931938974,0.019550323,1.867157,34.72433,2019,2019-2020,2001-04-11
2020,4,11,102,0.7828401,0.17306978,0.8034259931938974,0.019550323,1.6913757,30.474186,2019,2019-2020,2001-04-11
2020,4,11,102,0.7828401,0.17306978,0.8034259931938974,0.027656555,1.867157,34.72433,2019,2019-2020,2001-04-11
2020,4,11,102,0.7828401,0.17306978,0.8034259931938974,0.027656555,1.6913757,30.474186,2019,2019-2020,2001-04-11
2020,4,16,107,0.62294495,0.019956023,1.0,0.042438507,4.134918,36.738873,2019,2019-2020,2001-04-16
2020,4,16,107,0.62294495,0.019956023,1.0,0.042438507,4.0763245,31.99377,2019,2019-2020,2001-04-16
2020,4,16,107,0.62294495,0.019956023,1.0,0.027656555,4.134918,36.738873,2019,2019-2020,2001-04-16
2020,4,16,107,0.62294495,0.019956023,1.0,0.027656555,4.0763245,31.99377,2019,2019-2020,2001-04-16
2020,4,26,117,0.7703521,0.009973526,1.0,0.01859665,3.6437988,31.79245,2019,2019-2020,2001-04-26
2020,4,26,117,0.7703521,0.009973526,1.0,0.01859665,3.6203613,26.235294,2019,2019-2020,2001-04-26
2020,4,26,117,0.7703521,0.009973526,1.0,0.020503998,3.6437988,31.79245,2019,2019-2020,2001-04-26
2020,4,26,117,0.7703521,0.009973526,1.0,0.020503998,3.6203613,26.235294,2019,2019-2020,2001-04-26
2020,4,28,119,0.5744681,0.29935545,0.6375797979196738,0.021457672,2.163086,31.867695,2019,2019-2020,2001-04-28
2020,4,28,119,0.5744681,0.29935545,0.6375797979196738,0.021457672,2.0966797,26.157093,2019,2019-2020,2001-04-28
2020,4,28,119,0.5744681,0.29935545,0.6375797979196738,0.019073486,2.163086,31.867695,2019,2019-2020,2001-04-28
2020,4,28,119,0.5744681,0.29935545,0.6375797979196738,0.019073486,2.0966797,26.157093,2019,2019-2020,2001-04-28
2021,1,31,31,0.45476887,0.009399325,0.8375527426160337,0.06198883,-10.899597,9.592915,2020,2020-2021,2001-01-31
2021,1,31,31,0.45476887,0.009399325,0.8375527426160337,0.06198883,-11.005066,8.15382,2020,2020-2021,2001-01-31
2021,1,31,31,0.45476887,0.009399325,0.8375527426160337,0.06198883,-10.899597,9.592915,2020,2020-2021,2001-01-31
2021,1,31,31,0.45476887,0.009399325,0.8375527426160337,0.06198883,-11.005066,8.15382,2020,2020-2021,2001-01-31
2021,2,4,35,0.5440458,0.04256448,0.9439456313436014,0.0047683716,-5.9773865,9.84211,2020,2020-2021,2001-02-04
2021,2,4,35,0.5440458,0.04256448,0.9439456313436014,0.0047683716,-6.1492615,8.356953,2020,2020-2021,2001-02-04
2021,2,4,35,0.5440458,0.04256448,0.9439456313436014,0.00333786,-5.9773865,9.84211,2020,2020-2021,2001-02-04
2021,2,4,35,0.5440458,0.04256448,0.9439456313436014,0.00333786,-6.1492615,8.356953,2020,2020-2021,2001-02-04
2021,2,9,40,0.7994043,0.044996858,0.9940223014139556,0.00047683716,-19.633636,10.228252,2020,2020-2021,2001-02-09
2021,2,9,40,0.7994043,0.044996858,0.9940223014139556,0.00047683716,-20.496918,8.6380005,2020,2020-2021,2001-02-09
2021,2,9,40,0.7994043,0.044996858,0.9940223014139556,0.00047683716,-19.633636,10.228252,2020,2020-2021,2001-02-09
2021,2,9,40,0.7994043,0.044996858,0.9940223014139556,0.00047683716,-20.496918,8.6380005,2020,2020-2021,2001-02-09
2021,2,10,41,0.71199286,0.031685054,0.9915767512105501,0.0,-20.8656,10.303688,2020,2020-2021,2001-02-10
2021,2,10,41,0.71199286,0.031685054,0.9915767512105501,0.0,-22.05896,8.6883545,2020,2020-2021,2001-02-10
2021,2,10,41,0.71199286,0.031685054,0.9915767512105501,0.00047683716,-20.8656,10.303688,2020,2020-2021,2001-02-10
2021,2,10,41,0.71199286,0.031685054,0.9915767512105501,0.00047683716,-22.05896,8.6883545,2020,2020-2021,2001-02-10
2021,2,14,45,0.77916586,0.038002193,0.9981074364366278,0.0,-12.689423,10.782051,2020,2020-2021,2001-02-14
2021,2,14,45,0.77916586,0.038002193,0.9981074364366278,0.0,-12.4374695,9.206009,2020,2020-2021,2001-02-14
2021,2,14,45,0.77916586,0.038002193,0.9981074364366278,0.0,-12.689423,10.782051,2020,2020-2021,2001-02-14
2021,2,14,45,0.77916586,0.038002193,0.9981074364366278,0.0,-12.4374695,9.206009,2020,2020-2021,2001-02-14
2021,2,17,48,0.6419195,0.06535813,0.9576959523487207,0.0009536743,-17.091034,11.029148,2020,2020-2021,2001-02-17
2021,2,17,48,0.6419195,0.06535813,0.9576959523487207,0.0009536743,-17.3918,9.406376,2020,2020-2021,2001-02-17
2021,2,17,48,0.6419195,0.06535813,0.9576959523487207,0.0009536743,-17.091034,11.029148,2020,2020-2021,2001-02-17
2021,2,17,48,0.6419195,0.06535813,0.9576959523487207,0.0009536743,-17.3918,9.406376,2020,2020-2021,2001-02-17
2021,2,19,50,0.40170506,0.0130352825,0.04891304347826087,0.054359436,-11.337433,11.64093,2020,2020-2021,2001-02-19
2021,2,19,50,0.40170506,0.0130352825,0.04891304347826087,0.054359436,-11.563995,9.933376,2020,2020-2021,2001-02-19
2021,2,19,50,0.40170506,0.0130352825,0.04891304347826087,0.0333786,-11.337433,11.64093,2020,2020-2021,2001-02-19
2021,2,19,50,0.40170506,0.0130352825,0.04891304347826087,0.0333786,-11.563995,9.933376,2020,2020-2021,2001-02-19
2021,2,27,58,0.8743601,0.076759845,0.9421974157045646,0.0,-0.66207886,14.108276,2020,2020-2021,2001-02-27
2021,2,27,58,0.8743601,0.076759845,0.9421974157045646,0.0,-0.77926636,12.039566,2020,2020-2021,2001-02-27
2021,2,27,58,0.8743601,0.076759845,0.9421974157045646,0.0,-0.66207886,14.108276,2020,2020-2021,2001-02-27
2021,2,27,58,0.8743601,0.076759845,0.9421974157045646,0.0,-0.77926636,12.039566,2020,2020-2021,2001-02-27
2021,3,1,60,0.83515817,0.067738,0.920989754568392,0.0,3.6143188,15.4356,2020,2020-2021,2001-03-01
2021,3,1,60,0.83515817,0.067738,0.920989754568392,0.0,3.4404907,13.309765,2020,2020-2021,2001-03-01
2021,3,1,60,0.83515817,0.067738,0.920989754568392,0.0,3.6143188,15.4356,2020,2020-2021,2001-03-01
2021,3,1,60,0.83515817,0.067738,0.920989754568392,0.0,3.4404907,13.309765,2020,2020-2021,2001-03-01
2021,3,2,61,0.8289187,0.08145818,0.943621321997166,0.0,0.38223267,15.729237,2020,2020-2021,2001-03-02
2021,3,2,61,0.8289187,0.08145818,0.943621321997166,0.0,0.18106079,13.567352,2020,2020-2021,2001-03-02
2021,3,2,61,0.8289187,0.08145818,0.943621321997166,0.0,0.38223267,15.729237,2020,2020-2021,2001-03-02
2021,3,2,61,0.8289187,0.08145818,0.943621321997166,0.0,0.18106079,13.567352,2020,2020-2021,2001-03-02
2021,3,4,63,0.783317,0.079992294,0.9144907867573974,0.0,-4.966095,16.158676,2020,2020-2021,2001-03-04
2021,3,4,63,0.783317,0.079992294,0.9144907867573974,0.0,-5.0344543,13.974953,2020,2020-2021,2001-03-04
2021,3,4,63,0.783317,0.079992294,0.9144907867573974,0.0,-4.966095,16.158676,2020,2020-2021,2001-03-04
2021,3,4,63,0.783317,0.079992294,0.9144907867573974,0.0,-5.0344543,13.974953,2020,2020-2021,2001-03-04
2021,3,7,66,0.7161092,0.029538631,0.9224268689057421,0.0,-5.4812927,16.4814,2020,2020-2021,2001-03-07
2021,3,7,66,0.7161092,0.029538631,0.9224268689057421,0.0,-5.6648865,14.234161,2020,2020-2021,2001-03-07
2021,3,7,66,0.7161092,0.029538631,0.9224268689057421,0.0,-5.4812927,16.4814,2020,2020-2021,2001-03-07
2021,3,7,66,0.7161092,0.029538631,0.9224268689057421,0.0,-5.6648865,14.234161,2020,2020-2021,2001-03-07
2021,3,9,68,0.66101253,0.042531222,0.9072931276297336,0.0009536743,-11.512604,16.31031,2020,2020-2021,2001-03-09
2021,3,9,68,0.66101253,0.042531222,0.9072931276297336,0.0009536743,-11.682526,14.000988,2020,2020-2021,2001-03-09
2021,3,9,68,0.66101253,0.042531222,0.9072931276297336,0.0009536743,-11.512604,16.31031,2020,2020-2021,2001-03-09
2021,3,9,68,0.66101253,0.042531222,0.9072931276297336,0.0009536743,-11.682526,14.000988,2020,2020-2021,2001-03-09
2021,3,12,71,0.7687286,0.01684308,0.8033707865168539,0.02861023,-5.5558167,16.704082,2020,2020-2021,2001-03-12
2021,3,12,71,0.7687286,0.01684308,0.8033707865168539,0.02861023,-5.528473,14.393997,2020,2020-2021,2001-03-12
2021,3,12,71,0.7687286,0.01684308,0.8033707865168539,0.02670288,-5.5558167,16.704082,2020,2020-2021,2001-03-12
2021,3,12,71,0.7687286,0.01684308,0.8033707865168539,0.02670288,-5.528473,14.393997,2020,2020-2021,2001-03-12
2021,3,16,75,0.53705657,0.0517534,0.9846845007147234,0.0166893,-0.2749939,17.179585,2020,2020-2021,2001-03-16
2021,3,16,75,0.53705657,0.0517534,0.9846845007147234,0.0166893,-0.27694702,15.078926,2020,2020-2021,2001-03-16
2021,3,16,75,0.53705657,0.0517534,0.9846845007147234,0.020503998,-0.2749939,17.179585,2020,2020-2021,2001-03-16
2021,3,16,75,0.53705657,0.0517534,0.9846845007147234,0.020503998,-0.27694702,15.078926,2020,2020-2021,2001-03-16
2021,3,21,80,0.33830488,0.110805966,0.25,0.008106232,-0.66085815,17.679024,2020,2020-2021,2001-03-21
2021,3,21,80,0.33830488,0.110805966,0.25,0.008106232,-0.69210815,15.49387,2020,2020-2021,2001-03-21
2021,3,21,80,0.33830488,0.110805966,0.25,0.0042915344,-0.66085815,17.679024,2020,2020-2021,2001-03-21
2021,3,21,80,0.33830488,0.110805966,0.25,0.0042915344,-0.69210815,15.49387,2020,2020-2021,2001-03-21
2021,3,22,81,0.6557538,0.10555762,0.8737440098933374,0.0,-2.0885925,17.82217,2020,2020-2021,2001-03-22
2021,3,22,81,0.6557538,0.10555762,0.8737440098933374,0.0,-2.2448425,15.650654,2020,2020-2021,2001-03-22
2021,3,22,81,0.6557538,0.10555762,0.8737440098933374,0.0,-2.0885925,17.82217,2020,2020-2021,2001-03-22
2021,3,22,81,0.6557538,0.10555762,0.8737440098933374,0.0,-2.2448425,15.650654,2020,2020-2021,2001-03-22
2021,3,26,85,0.8028685,0.15823913,0.8369714810000765,0.0,4.960724,17.752647,2020,2020-2021,2001-03-26
2021,3,26,85,0.8028685,0.15823913,0.8369714810000765,0.0,4.8962708,15.681744,2020,2020-2021,2001-03-26
2021,3,26,85,0.8028685,0.15823913,0.8369714810000765,0.0,4.960724,17.752647,2020,2020-2021,2001-03-26
2021,3,26,85,0.8028685,0.15823913,0.8369714810000765,0.0,4.8962708,15.681744,2020,2020-2021,2001-03-26
2021,3,31,90,0.6134454,0.098365545,0.928168757955992,0.0023841858,5.5002747,14.803505,2020,2020-2021,2001-03-31
2021,3,31,90,0.6134454,0.098365545,0.928168757955992,0.0023841858,5.289337,12.886047,2020,2020-2021,2001-03-31
2021,3,31,90,0.6134454,0.098365545,0.928168757955992,0.002861023,5.5002747,14.803505,2020,2020-2021,2001-03-31
2021,3,31,90,0.6134454,0.098365545,0.928168757955992,0.002861023,5.289337,12.886047,2020,2020-2021,2001-03-31
2021,4,1,91,0.63116616,0.31056014,0.6510127675914371,0.006198883,3.6235046,14.085484,2020,2020-2021,2001-04-01
2021,4,1,91,0.63116616,0.31056014,0.6510127675914371,0.006198883,3.5102234,12.098503,2020,2020-2021,2001-04-01
2021,4,1,91,0.63116616,0.31056014,0.6510127675914371,0.011920929,3.6235046,14.085484,2020,2020-2021,2001-04-01
2021,4,1,91,0.63116616,0.31056014,0.6510127675914371,0.011920929,3.5102234,12.098503,2020,2020-2021,2001-04-01
2021,4,3,93,0.07104631,0.077872135,0.00959079283887468,0.0023841858,3.5921936,14.249325,2020,2020-2021,2001-04-03
2021,4,3,93,0.07104631,0.077872135,0.00959079283887468,0.0023841858,3.488678,12.13026,2020,2020-2021,2001-04-03
2021,4,3,93,0.07104631,0.077872135,0.00959079283887468,0.005722046,3.5921936,14.249325,2020,2020-2021,2001-04-03
2021,4,3,93,0.07104631,0.077872135,0.00959079283887468,0.005722046,3.488678,12.13026,2020,2020-2021,2001-04-03
2021,4,8,98,0.7005937,0.10273638,0.9171964880411747,0.01335144,2.8241882,13.942337,2020,2020-2021,2001-04-08
2021,4,8,98,0.7005937,0.10273638,0.9171964880411747,0.01335144,2.7323914,11.647129,2020,2020-2021,2001-04-08
2021,4,8,98,0.7005937,0.10273638,0.9171964880411747,0.0104904175,2.8241882,13.942337,2020,2020-2021,2001-04-08
2021,4,8,98,0.7005937,0.10273638,0.9171964880411747,0.0104904175,2.7323914,11.647129,2020,2020-2021,2001-04-08
2021,4,11,101,0.6821033,0.023739249,1.0,0.00333786,3.5521545,16.668701,2020,2020-2021,2001-04-11
2021,4,11,101,0.6821033,0.023739249,1.0,0.00333786,3.3177795,14.130974,2020,2020-2021,2001-04-11
2021,4,11,101,0.6821033,0.023739249,1.0,0.002861023,3.5521545,16.668701,2020,2020-2021,2001-04-11
2021,4,11,101,0.6821033,0.023739249,1.0,0.002861023,3.3177795,14.130974,2020,2020-2021,2001-04-11
2021,4,15,105,0.6668467,0.25778362,0.6996999006040218,0.0,7.1628113,17.202377,2020,2020-2021,2001-04-15
2021,4,15,105,0.6668467,0.25778362,0.6996999006040218,0.0,6.83078,14.362907,2020,2020-2021,2001-04-15
2021,4,15,105,0.6668467,0.25778362,0.6996999006040218,0.0,7.1628113,17.202377,2020,2020-2021,2001-04-15
2021,4,15,105,0.6668467,0.25778362,0.6996999006040218,0.0,6.83078,14.362907,2020,2020-2021,2001-04-15
2021,4,16,106,0.5746138,0.37690496,0.5889785151770013,0.0,8.177155,16.943169,2020,2020-2021,2001-04-16
2021,4,16,106,0.5746138,0.37690496,0.5889785151770013,0.0,7.9740295,13.878918,2020,2020-2021,2001-04-16
2021,4,16,106,0.5746138,0.37690496,0.5889785151770013,0.0,8.177155,16.943169,2020,2020-2021,2001-04-16
2021,4,16,106,0.5746138,0.37690496,0.5889785151770013,0.0,7.9740295,13.878918,2020,2020-2021,2001-04-16
2021,4,18,108,0.39962775,0.51224554,0.4902607332645181,0.0,9.45285,16.093922,2020,2020-2021,2001-04-18
2021,4,18,108,0.39962775,0.51224554,0.4902607332645181,0.0,9.331757,12.885761,2020,2020-2021,2001-04-18
2021,4,18,108,0.39962775,0.51224554,0.4902607332645181,0.0,9.45285,16.093922,2020,2020-2021,2001-04-18
2021,4,18,108,0.39962775,0.51224554,0.4902607332645181,0.0,9.331757,12.885761,2020,2020-2021,2001-04-18
2021,4,20,110,0.17501509,0.5134766,0.4187191176611138,0.0,10.088409,14.83078,2020,2020-2021,2001-04-20
2021,4,20,110,0.17501509,0.5134766,0.4187191176611138,0.0,9.982941,11.4292145,2020,2020-2021,2001-04-20
2021,4,20,110,0.17501509,0.5134766,0.4187191176611138,0.0,10.088409,14.83078,2020,2020-2021,2001-04-20
2021,4,20,110,0.17501509,0.5134766,0.4187191176611138,0.0,9.982941,11.4292145,2020,2020-2021,2001-04-20
2021,4,21,111,0.06757913,0.4620676,0.39113230810402666,0.0,8.389618,14.499283,2020,2020-2021,2001-04-21
2021,4,21,111,0.06757913,0.4620676,0.39113230810402666,0.0,8.252899,10.8317375,2020,2020-2021,2001-04-21
2021,4,21,111,0.06757913,0.4620676,0.39113230810402666,0.0,8.389618,14.499283,2020,2020-2021,2001-04-21
2021,4,21,111,0.06757913,0.4620676,0.39113230810402666,0.0,8.252899,10.8317375,2020,2020-2021,2001-04-21
2021,4,26,116,0.46506023,0.3582263,0.5287207323989306,0.008583069,3.300415,13.463116,2020,2020-2021,2001-04-26
2021,4,26,116,0.46506023,0.3582263,0.5287207323989306,0.008583069,3.2652588,8.686829,2020,2020-2021,2001-04-26
2021,4,26,116,0.46506023,0.3582263,0.5287207323989306,0.00667572,3.300415,13.463116,2020,2020-2021,2001-04-26
2021,4,26,116,0.46506023,0.3582263,0.5287207323989306,0.00667572,3.2652588,8.686829,2020,2020-2021,2001-04-26
2021,4,28,118,0.36451897,0.42015257,0.4653101566360843,0.008106232,2.5643005,13.592625,2020,2020-2021,2001-04-28
2021,4,28,118,0.36451897,0.42015257,0.4653101566360843,0.008106232,2.5135193,8.489704,2020,2020-2021,2001-04-28
2021,4,28,118,0.36451897,0.42015257,0.4653101566360843,0.012874603,2.5643005,13.592625,2020,2020-2021,2001-04-28
2021,4,28,118,0.36451897,0.42015257,0.4653101566360843,0.012874603,2.5135193,8.489704,2020,2020-2021,2001-04-28
2021,11,7,311,0.65082186,0.15356982,0.8146167042541298,0.0,-2.995758,0.13132095,2021,2021-2022,2000-11-07
2021,11,7,311,0.65082186,0.15356982,0.8146167042541298,0.0,-3.0211487,0.13017654,2021,2021-2022,2000-11-07
2021,11,7,311,0.65082186,0.15356982,0.8146167042541298,0.0,-2.995758,0.13132095,2021,2021-2022,2000-11-07
2021,11,7,311,0.65082186,0.15356982,0.8146167042541298,0.0,-3.0211487,0.13017654,2021,2021-2022,2000-11-07
2021,11,11,315,0.48704526,0.23060101,0.5730137381112499,0.0,-0.56314087,0.80833435,2021,2021-2022,2000-11-11
2021,11,11,315,0.48704526,0.23060101,0.5730137381112499,0.0,-0.64126587,0.77705383,2021,2021-2022,2000-11-11
2021,11,11,315,0.48704526,0.23060101,0.5730137381112499,0.0,-0.56314087,0.80833435,2021,2021-2022,2000-11-11
2021,11,11,315,0.48704526,0.23060101,0.5730137381112499,0.0,-0.64126587,0.77705383,2021,2021-2022,2000-11-11
2022,2,9,40,0.61782706,0.016708672,0.9463151207115629,0.00047683716,-5.042511,8.762455,2021,2021-2022,2001-02-09
2022,2,9,40,0.61782706,0.016708672,0.9463151207115629,0.00047683716,-4.8764954,10.064316,2021,2021-2022,2001-02-09
2022,2,9,40,0.61782706,0.016708672,0.9463151207115629,0.00047683716,-5.042511,8.762455,2021,2021-2022,2001-02-09
2022,2,9,40,0.61782706,0.016708672,0.9463151207115629,0.00047683716,-4.8764954,10.064316,2021,2021-2022,2001-02-09
2022,2,10,41,0.41001615,0.014322668,0.2887139107611549,0.0023841858,-5.018463,8.767796,2021,2021-2022,2001-02-10
2022,2,10,41,0.41001615,0.014322668,0.2887139107611549,0.0023841858,-4.7606506,10.076141,2021,2021-2022,2001-02-10
2022,2,10,41,0.41001615,0.014322668,0.2887139107611549,0.0019073486,-5.018463,8.767796,2021,2021-2022,2001-02-10
2022,2,10,41,0.41001615,0.014322668,0.2887139107611549,0.0019073486,-4.7606506,10.076141,2021,2021-2022,2001-02-10
2022,2,12,43,0.6960546,0.051104486,0.9817832348384876,0.00047683716,-15.977264,8.654404,2021,2021-2022,2001-02-12
2022,2,12,43,0.6960546,0.051104486,0.9817832348384876,0.00047683716,-15.694061,9.927654,2021,2021-2022,2001-02-12
2022,2,12,43,0.6960546,0.051104486,0.9817832348384876,0.00047683716,-15.977264,8.654404,2021,2021-2022,2001-02-12
2022,2,12,43,0.6960546,0.051104486,0.9817832348384876,0.00047683716,-15.694061,9.927654,2021,2021-2022,2001-02-12
2022,2,14,45,0.69849414,0.04732418,0.9353830568086245,0.0,-11.228119,8.6790085,2021,2021-2022,2001-02-14
2022,2,14,45,0.69849414,0.04732418,0.9353830568086245,0.0,-11.099213,9.968376,2021,2021-2022,2001-02-14
2022,2,14,45,0.69849414,0.04732418,0.9353830568086245,0.0,-11.228119,8.6790085,2021,2021-2022,2001-02-14
2022,2,14,45,0.69849414,0.04732418,0.9353830568086245,0.0,-11.099213,9.968376,2021,2021-2022,2001-02-14
2022,2,15,46,0.7126391,0.025321126,1.0,0.0,-17.459839,8.714581,2021,2021-2022,2001-02-15
2022,2,15,46,0.7126391,0.025321126,1.0,0.0,-17.67273,10.025787,2021,2021-2022,2001-02-15
2022,2,15,46,0.7126391,0.025321126,1.0,0.0,-17.459839,8.714581,2021,2021-2022,2001-02-15
2022,2,15,46,0.7126391,0.025321126,1.0,0.0,-17.67273,10.025787,2021,2021-2022,2001-02-15
2022,2,22,53,0.57733893,0.048471272,0.9472906309384418,0.008583069,-13.464691,9.829235,2021,2021-2022,2001-02-22
2022,2,22,53,0.57733893,0.048471272,0.9472906309384418,0.008583069,-13.654144,10.97517,2021,2021-2022,2001-02-22
2022,2,22,53,0.57733893,0.048471272,0.9472906309384418,0.01001358,-13.464691,9.829235,2021,2021-2022,2001-02-22
2022,2,22,53,0.57733893,0.048471272,0.9472906309384418,0.01001358,-13.654144,10.97517,2021,2021-2022,2001-02-22
2022,2,25,56,0.771204,0.05526012,0.9920869482314806,0.00047683716,-2.281311,10.838509,2021,2021-2022,2001-02-25
2022,2,25,56,0.771204,0.05526012,0.9920869482314806,0.00047683716,-2.1914673,12.09259,2021,2021-2022,2001-02-25
2022,2,25,56,0.771204,0.05526012,0.9920869482314806,0.00047683716,-2.281311,10.838509,2021,2021-2022,2001-02-25
2022,2,25,56,0.771204,0.05526012,0.9920869482314806,0.00047683716,-2.1914673,12.09259,2021,2021-2022,2001-02-25
2022,2,27,58,0.765857,0.06301212,0.9296005932831868,0.0,0.24569702,10.995579,2021,2021-2022,2001-02-27
2022,2,27,58,0.765857,0.06301212,0.9296005932831868,0.0,-0.0082092285,12.273407,2021,2021-2022,2001-02-27
2022,2,27,58,0.765857,0.06301212,0.9296005932831868,0.0,0.24569702,10.995579,2021,2021-2022,2001-02-27
2022,2,27,58,0.765857,0.06301212,0.9296005932831868,0.0,-0.0082092285,12.273407,2021,2021-2022,2001-02-27
2022,3,4,63,0.7836385,0.054275095,0.9191643091979509,0.0,-5.3309326,12.026024,2021,2021-2022,2001-03-04
2022,3,4,63,0.7836385,0.054275095,0.9191643091979509,0.0,-5.4871826,13.419151,2021,2021-2022,2001-03-04
2022,3,4,63,0.7836385,0.054275095,0.9191643091979509,0.0,-5.3309326,12.026024,2021,2021-2022,2001-03-04
2022,3,4,63,0.7836385,0.054275095,0.9191643091979509,0.0,-5.4871826,13.419151,2021,2021-2022,2001-03-04
2022,3,12,71,0.8293728,0.046608865,0.9616438618680772,0.0,4.844055,13.825226,2021,2021-2022,2001-03-12
2022,3,12,71,0.8293728,0.046608865,0.9616438618680772,0.0,4.6116333,15.240669,2021,2021-2022,2001-03-12
2022,3,12,71,0.8293728,0.046608865,0.9616438618680772,0.0,4.844055,13.825226,2021,2021-2022,2001-03-12
2022,3,12,71,0.8293728,0.046608865,0.9616438618680772,0.0,4.6116333,15.240669,2021,2021-2022,2001-03-12
2022,3,16,75,0.8195466,0.06841847,0.9213242602645462,0.0,2.0280151,14.184761,2021,2021-2022,2001-03-16
2022,3,16,75,0.8195466,0.06841847,0.9213242602645462,0.0,2.0807495,15.616608,2021,2021-2022,2001-03-16
2022,3,16,75,0.8195466,0.06841847,0.9213242602645462,0.0,2.0280151,14.184761,2021,2021-2022,2001-03-16
2022,3,16,75,0.8195466,0.06841847,0.9213242602645462,0.0,2.0807495,15.616608,2021,2021-2022,2001-03-16
2022,3,17,76,0.84532726,0.068849355,0.9220028289624589,0.0,3.2598267,14.251709,2021,2021-2022,2001-03-17
2022,3,17,76,0.84532726,0.068849355,0.9220028289624589,0.0,3.4180298,15.731525,2021,2021-2022,2001-03-17
2022,3,17,76,0.84532726,0.068849355,0.9220028289624589,0.0,3.2598267,14.251709,2021,2021-2022,2001-03-17
2022,3,17,76,0.84532726,0.068849355,0.9220028289624589,0.0,3.4180298,15.731525,2021,2021-2022,2001-03-17
2022,3,21,80,0.8163209,0.15197647,0.8439100848688738,0.0,6.9513245,14.32085,2021,2021-2022,2001-03-21
2022,3,21,80,0.8163209,0.15197647,0.8439100848688738,0.0,6.6212463,15.721321,2021,2021-2022,2001-03-21
2022,3,21,80,0.8163209,0.15197647,0.8439100848688738,0.0,6.9513245,14.32085,2021,2021-2022,2001-03-21
2022,3,21,80,0.8163209,0.15197647,0.8439100848688738,0.0,6.6212463,15.721321,2021,2021-2022,2001-03-21
2022,3,22,81,0.78546166,0.17239892,0.8167004358131356,0.0,5.3647766,14.326668,2021,2021-2022,2001-03-22
2022,3,22,81,0.78546166,0.17239892,0.8167004358131356,0.0,5.2417297,15.66124,2021,2021-2022,2001-03-22
2022,3,22,81,0.78546166,0.17239892,0.8167004358131356,0.0,5.3647766,14.326668,2021,2021-2022,2001-03-22
2022,3,22,81,0.78546166,0.17239892,0.8167004358131356,0.0,5.2417297,15.66124,2021,2021-2022,2001-03-22
2022,3,24,83,0.7488594,0.21669555,0.7543205628202188,0.0,0.76065063,14.956665,2021,2021-2022,2001-03-24
2022,3,24,83,0.7488594,0.21669555,0.7543205628202188,0.0,0.68447876,16.1932,2021,2021-2022,2001-03-24
2022,3,24,83,0.7488594,0.21669555,0.7543205628202188,0.0,0.76065063,14.956665,2021,2021-2022,2001-03-24
2022,3,24,83,0.7488594,0.21669555,0.7543205628202188,0.0,0.68447876,16.1932,2021,2021-2022,2001-03-24
2022,3,27,86,0.12929554,0.17638251,0.0,0.0,-3.961609,15.120888,2021,2021-2022,2001-03-27
2022,3,27,86,0.12929554,0.17638251,0.0,0.0,-3.9869995,16.096401,2021,2021-2022,2001-03-27
2022,3,27,86,0.12929554,0.17638251,0.0,0.0,-3.961609,15.120888,2021,2021-2022,2001-03-27
2022,3,27,86,0.12929554,0.17638251,0.0,0.0,-3.9869995,16.096401,2021,2021-2022,2001-03-27
2022,3,31,90,0.70957094,0.11754584,0.9597043204440531,0.044345856,-1.6839905,15.071678,2021,2021-2022,2001-03-31
2022,3,31,90,0.70957094,0.11754584,0.9597043204440531,0.044345856,-1.707428,15.801048,2021,2021-2022,2001-03-31
2022,3,31,90,0.70957094,0.11754584,0.9597043204440531,0.04673004,-1.6839905,15.071678,2021,2021-2022,2001-03-31
2022,3,31,90,0.70957094,0.11754584,0.9597043204440531,0.04673004,-1.707428,15.801048,2021,2021-2022,2001-03-31
2022,4,3,93,0.55414695,0.10543707,0.8002089566414969,0.10061264,-1.9877625,15.2516365,2021,2021-2022,2001-04-03
2022,4,3,93,0.55414695,0.10543707,0.8002089566414969,0.10061264,-2.058075,15.810013,2021,2021-2022,2001-04-03
2022,4,3,93,0.55414695,0.10543707,0.8002089566414969,0.09918213,-1.9877625,15.2516365,2021,2021-2022,2001-04-03
2022,4,3,93,0.55414695,0.10543707,0.8002089566414969,0.09918213,-2.058075,15.810013,2021,2021-2022,2001-04-03
2022,4,10,100,0.8086847,0.0749681,0.9810758402757829,0.0071525574,4.108032,16.121197,2021,2021-2022,2001-04-10
2022,4,10,100,0.8086847,0.0749681,0.9810758402757829,0.0071525574,4.1158447,16.462994,2021,2021-2022,2001-04-10
2022,4,10,100,0.8086847,0.0749681,0.9810758402757829,0.0042915344,4.108032,16.121197,2021,2021-2022,2001-04-10
2022,4,10,100,0.8086847,0.0749681,0.9810758402757829,0.0042915344,4.1158447,16.462994,2021,2021-2022,2001-04-10
2022,4,13,103,0.34481075,0.029588446,0.1111111111111111,0.06771088,5.4000244,16.502666,2021,2021-2022,2001-04-13
2022,4,13,103,0.34481075,0.029588446,0.1111111111111111,0.06771088,5.235962,16.959953,2021,2021-2022,2001-04-13
2022,4,13,103,0.34481075,0.029588446,0.1111111111111111,0.076293945,5.4000244,16.502666,2021,2021-2022,2001-04-13
2022,4,13,103,0.34481075,0.029588446,0.1111111111111111,0.076293945,5.235962,16.959953,2021,2021-2022,2001-04-13
2022,4,15,105,0.6958522,0.09193143,0.945,0.012397766,4.089386,16.228867,2021,2021-2022,2001-04-15
2022,4,15,105,0.6958522,0.09193143,0.945,0.012397766,3.9604797,16.750526,2021,2021-2022,2001-04-15
2022,4,15,105,0.6958522,0.09193143,0.945,0.012397766,4.089386,16.228867,2021,2021-2022,2001-04-15
2022,4,15,105,0.6958522,0.09193143,0.945,0.012397766,3.9604797,16.750526,2021,2021-2022,2001-04-15
2022,4,16,106,0.37929118,0.008387655,0.0,0.0,5.1373596,16.27388,2021,2021-2022,2001-04-16
2022,4,16,106,0.37929118,0.008387655,0.0,0.0,5.016266,16.804028,2021,2021-2022,2001-04-16
2022,4,16,106,0.37929118,0.008387655,0.0,0.0,5.1373596,16.27388,2021,2021-2022,2001-04-16
2022,4,16,106,0.37929118,0.008387655,0.0,0.0,5.016266,16.804028,2021,2021-2022,2001-04-16
2022,4,18,108,0.6483119,0.29441306,0.6538535056196957,0.0,9.730133,14.312553,2021,2021-2022,2001-04-18
2022,4,18,108,0.6483119,0.29441306,0.6538535056196957,0.0,9.667633,14.640427,2021,2021-2022,2001-04-18
2022,4,18,108,0.6483119,0.29441306,0.6538535056196957,0.0,9.730133,14.312553,2021,2021-2022,2001-04-18
2022,4,18,108,0.6483119,0.29441306,0.6538535056196957,0.0,9.667633,14.640427,2021,2021-2022,2001-04-18
2022,4,20,110,0.488281,0.45531443,0.5340813517853047,0.0,10.796356,10.883522,2021,2021-2022,2001-04-20
2022,4,20,110,0.488281,0.45531443,0.5340813517853047,0.0,10.66745,11.029053,2021,2021-2022,2001-04-20
2022,4,20,110,0.488281,0.45531443,0.5340813517853047,0.0,10.796356,10.883522,2021,2021-2022,2001-04-20
2022,4,20,110,0.488281,0.45531443,0.5340813517853047,0.0,10.66745,11.029053,2021,2021-2022,2001-04-20
2022,4,21,111,0.41939914,0.4057395,0.49967677180089143,0.0,11.094482,9.72681,2021,2021-2022,2001-04-21
2022,4,21,111,0.41939914,0.4057395,0.49967677180089143,0.0,10.914795,9.791851,2021,2021-2022,2001-04-21
2022,4,21,111,0.41939914,0.4057395,0.49967677180089143,0.0,11.094482,9.72681,2021,2021-2022,2001-04-21
2022,4,21,111,0.41939914,0.4057395,0.49967677180089143,0.0,10.914795,9.791851,2021,2021-2022,2001-04-21
2022,4,26,116,0.53505635,0.030616254,1.0,0.01335144,1.1268005,7.5731277,2021,2021-2022,2001-04-26
2022,4,26,116,0.53505635,0.030616254,1.0,0.01335144,1.118988,6.3874245,2021,2021-2022,2001-04-26
2022,4,26,116,0.53505635,0.030616254,1.0,0.015258789,1.1268005,7.5731277,2021,2021-2022,2001-04-26
2022,4,26,116,0.53505635,0.030616254,1.0,0.015258789,1.118988,6.3874245,2021,2021-2022,2001-04-26
2022,11,1,305,0.053631656,0.045848906,0.0,0.0009536743,0.15670776,0.34427643,2022,2022-2023,2000-11-01
2022,11,1,305,0.053631656,0.045848906,0.0,0.0009536743,0.23678589,0.32901764,2022,2022-2023,2000-11-01
2022,11,1,305,0.053631656,0.045848906,0.0,0.00047683716,0.15670776,0.34427643,2022,2022-2023,2000-11-01
2022,11,1,305,0.053631656,0.045848906,0.0,0.00047683716,0.23678589,0.32901764,2022,2022-2023,2000-11-01
2022,11,2,306,0.12224777,0.036266103,0.009192037470725995,0.002861023,-0.54751587,0.36144257,2022,2022-2023,2000-11-02
2022,11,2,306,0.12224777,0.036266103,0.009192037470725995,0.002861023,-0.56900024,0.32253265,2022,2022-2023,2000-11-02
2022,11,2,306,0.12224777,0.036266103,0.009192037470725995,0.0019073486,-0.54751587,0.36144257,2022,2022-2023,2000-11-02
2022,11,2,306,0.12224777,0.036266103,0.009192037470725995,0.0019073486,-0.56900024,0.32253265,2022,2022-2023,2000-11-02
2023,1,31,31,0.352252,0.033749834,0.0005112474437627812,0.0009536743,-5.9711304,13.355732,2022,2022-2023,2001-01-31
2023,1,31,31,0.352252,0.033749834,0.0005112474437627812,0.0009536743,-5.7973022,13.346195,2022,2022-2023,2001-01-31
2023,1,31,31,0.352252,0.033749834,0.0005112474437627812,0.0019073486,-5.9711304,13.355732,2022,2022-2023,2001-01-31
2023,1,31,31,0.352252,0.033749834,0.0005112474437627812,0.0019073486,-5.7973022,13.346195,2022,2022-2023,2001-01-31
2023,2,4,35,0.56159455,0.043809414,0.9890075831146559,0.002861023,-14.170044,12.946796,2022,2022-2023,2001-02-04
2023,2,4,35,0.56159455,0.043809414,0.9890075831146559,0.002861023,-14.084106,13.000298,2022,2022-2023,2001-02-04
2023,2,4,35,0.56159455,0.043809414,0.9890075831146559,0.00333786,-14.170044,12.946796,2022,2022-2023,2001-02-04
2023,2,4,35,0.56159455,0.043809414,0.9890075831146559,0.00333786,-14.084106,13.000298,2022,2022-2023,2001-02-04
2023,2,15,46,0.42619312,0.036400974,0.5421645902195101,0.015258789,-4.8995056,13.577652,2022,2022-2023,2001-02-15
2023,2,15,46,0.42619312,0.036400974,0.5421645902195101,0.015258789,-4.626068,13.789463,2022,2022-2023,2001-02-15
2023,2,15,46,0.42619312,0.036400974,0.5421645902195101,0.009536743,-4.8995056,13.577652,2022,2022-2023,2001-02-15
2023,2,15,46,0.42619312,0.036400974,0.5421645902195101,0.009536743,-4.626068,13.789463,2022,2022-2023,2001-02-15
2023,2,17,48,0.36988738,0.023958936,0.0024958402662229617,0.008583069,-1.0099182,14.194584,2022,2022-2023,2001-02-17
2023,2,17,48,0.36988738,0.023958936,0.0024958402662229617,0.008583069,-0.8692932,14.424324,2022,2022-2023,2001-02-17
2023,2,17,48,0.36988738,0.023958936,0.0024958402662229617,0.011920929,-1.0099182,14.194584,2022,2022-2023,2001-02-17
2023,2,17,48,0.36988738,0.023958936,0.0024958402662229617,0.011920929,-0.8692932,14.424324,2022,2022-2023,2001-02-17
2023,2,22,53,0.59704703,0.051575333,0.9297474669941664,0.0038146973,-17.24768,15.215206,2022,2022-2023,2001-02-22
2023,2,22,53,0.59704703,0.051575333,0.9297474669941664,0.0038146973,-17.333618,15.813351,2022,2022-2023,2001-02-22
2023,2,22,53,0.59704703,0.051575333,0.9297474669941664,0.0038146973,-17.24768,15.215206,2022,2022-2023,2001-02-22
2023,2,22,53,0.59704703,0.051575333,0.9297474669941664,0.0038146973,-17.333618,15.813351,2022,2022-2023,2001-02-22
2023,2,24,55,0.44005144,0.09933205,0.5531748785565579,0.0,-7.5519104,15.059376,2022,2022-2023,2001-02-24
2023,2,24,55,0.44005144,0.09933205,0.5531748785565579,0.0,-7.594879,15.624809,2022,2022-2023,2001-02-24
2023,2,24,55,0.44005144,0.09933205,0.5531748785565579,0.0,-7.5519104,15.059376,2022,2022-2023,2001-02-24
2023,2,24,55,0.44005144,0.09933205,0.5531748785565579,0.0,-7.594879,15.624809,2022,2022-2023,2001-02-24
2023,2,25,56,0.7463074,0.030383319,0.9990632766201492,0.0,-9.095856,14.851189,2022,2022-2023,2001-02-25
2023,2,25,56,0.7463074,0.030383319,0.9990632766201492,0.0,-9.254059,15.438843,2022,2022-2023,2001-02-25
2023,2,25,56,0.7463074,0.030383319,0.9990632766201492,0.0,-9.095856,14.851189,2022,2022-2023,2001-02-25
2023,2,25,56,0.7463074,0.030383319,0.9990632766201492,0.0,-9.254059,15.438843,2022,2022-2023,2001-02-25
2023,3,1,60,0.6852216,0.09013754,0.9501047120418848,0.00047683716,0.014434814,14.270878,2022,2022-2023,2001-03-01
2023,3,1,60,0.6852216,0.09013754,0.9501047120418848,0.00047683716,-0.20040894,14.679241,2022,2022-2023,2001-03-01
2023,3,1,60,0.6852216,0.09013754,0.9501047120418848,0.00047683716,0.014434814,14.270878,2022,2022-2023,2001-03-01
2023,3,1,60,0.6852216,0.09013754,0.9501047120418848,0.00047683716,-0.20040894,14.679241,2022,2022-2023,2001-03-01
2023,3,2,61,0.7127639,0.06958696,0.8701760922425288,0.0,1.226532,14.344025,2022,2022-2023,2001-03-02
2023,3,2,61,0.7127639,0.06958696,0.8701760922425288,0.0,0.9062195,14.729214,2022,2022-2023,2001-03-02
2023,3,2,61,0.7127639,0.06958696,0.8701760922425288,0.0,1.226532,14.344025,2022,2022-2023,2001-03-02
2023,3,2,61,0.7127639,0.06958696,0.8701760922425288,0.0,0.9062195,14.729214,2022,2022-2023,2001-03-02
2023,3,16,75,0.7104739,0.039049834,0.9278423426867497,0.0,-3.1573792,16.878796,2022,2022-2023,2001-03-16
2023,3,16,75,0.7104739,0.039049834,0.9278423426867497,0.0,-3.3058167,16.848373,2022,2022-2023,2001-03-16
2023,3,16,75,0.7104739,0.039049834,0.9278423426867497,0.0,-3.1573792,16.878796,2022,2022-2023,2001-03-16
2023,3,16,75,0.7104739,0.039049834,0.9278423426867497,0.0,-3.3058167,16.848373,2022,2022-2023,2001-03-16
2023,3,17,76,0.69857436,0.08748549,0.9059152430746898,0.0,-4.387207,16.813278,2022,2022-2023,2001-03-17
2023,3,17,76,0.69857436,0.08748549,0.9059152430746898,0.0,-4.447754,16.76693,2022,2022-2023,2001-03-17
2023,3,17,76,0.69857436,0.08748549,0.9059152430746898,0.0,-4.387207,16.813278,2022,2022-2023,2001-03-17
2023,3,17,76,0.69857436,0.08748549,0.9059152430746898,0.0,-4.447754,16.76693,2022,2022-2023,2001-03-17
2023,3,19,78,0.75591296,0.031285048,0.9857395461540981,0.0,-1.7520447,18.299866,2022,2022-2023,2001-03-19
2023,3,19,78,0.75591296,0.031285048,0.9857395461540981,0.0,-1.7969666,18.392181,2022,2022-2023,2001-03-19
2023,3,19,78,0.75591296,0.031285048,0.9857395461540981,0.0,-1.7520447,18.299866,2022,2022-2023,2001-03-19
2023,3,19,78,0.75591296,0.031285048,0.9857395461540981,0.0,-1.7969666,18.392181,2022,2022-2023,2001-03-19
2023,3,21,80,0.6751478,0.04140979,0.9206708236540735,0.0009536743,-1.7365112,18.866158,2022,2022-2023,2001-03-21
2023,3,21,80,0.6751478,0.04140979,0.9206708236540735,0.0009536743,-2.031433,18.960285,2022,2022-2023,2001-03-21
2023,3,21,80,0.6751478,0.04140979,0.9206708236540735,0.0009536743,-1.7365112,18.866158,2022,2022-2023,2001-03-21
2023,3,21,80,0.6751478,0.04140979,0.9206708236540735,0.0009536743,-2.031433,18.960285,2022,2022-2023,2001-03-21
2023,3,22,81,0.6611296,0.103749156,0.8658595918834607,0.0,-2.4120789,18.660831,2022,2022-2023,2001-03-22
2023,3,22,81,0.6611296,0.103749156,0.8658595918834607,0.0,-2.5683289,18.784428,2022,2022-2023,2001-03-22
2023,3,22,81,0.6611296,0.103749156,0.8658595918834607,0.0,-2.4120789,18.660831,2022,2022-2023,2001-03-22
2023,3,22,81,0.6611296,0.103749156,0.8658595918834607,0.0,-2.5683289,18.784428,2022,2022-2023,2001-03-22
2023,3,26,85,0.8116743,0.055114567,0.9343314790705014,0.0,-5.313019,18.18266,2022,2022-2023,2001-03-26
2023,3,26,85,0.8116743,0.055114567,0.9343314790705014,0.0,-5.3989563,18.367767,2022,2022-2023,2001-03-26
2023,3,26,85,0.8116743,0.055114567,0.9343314790705014,0.0,-5.313019,18.18266,2022,2022-2023,2001-03-26
2023,3,26,85,0.8116743,0.055114567,0.9343314790705014,0.0,-5.3989563,18.367767,2022,2022-2023,2001-03-26
2023,3,27,86,0.6897551,0.110911846,0.8896421182374433,0.0,-5.679474,18.319225,2022,2022-2023,2001-03-27
2023,3,27,86,0.6897551,0.110911846,0.8896421182374433,0.0,-5.7204895,18.51492,2022,2022-2023,2001-03-27
2023,3,27,86,0.6897551,0.110911846,0.8896421182374433,0.0,-5.679474,18.319225,2022,2022-2023,2001-03-27
2023,3,27,86,0.6897551,0.110911846,0.8896421182374433,0.0,-5.7204895,18.51492,2022,2022-2023,2001-03-27
2023,3,29,88,0.618826,0.03160277,1.0,0.24604797,-3.684143,18.713665,2022,2022-2023,2001-03-29
2023,3,29,88,0.618826,0.03160277,1.0,0.24604797,-3.6626587,19.021034,2022,2022-2023,2001-03-29
2023,3,29,88,0.618826,0.03160277,1.0,0.24414062,-3.684143,18.713665,2022,2022-2023,2001-03-29
2023,3,29,88,0.618826,0.03160277,1.0,0.24414062,-3.6626587,19.021034,2022,2022-2023,2001-03-29
2023,4,1,91,0.818979,0.0692513,0.9598156718879637,0.032424927,0.058135986,19.028759,2022,2022-2023,2001-04-01
2023,4,1,91,0.818979,0.0692513,0.9598156718879637,0.032424927,-0.10202026,19.270134,2022,2022-2023,2001-04-01
2023,4,1,91,0.818979,0.0692513,0.9598156718879637,0.017166138,0.058135986,19.028759,2022,2022-2023,2001-04-01
2023,4,1,91,0.818979,0.0692513,0.9598156718879637,0.017166138,-0.10202026,19.270134,2022,2022-2023,2001-04-01
2023,4,3,93,0.8044374,0.07892901,0.9405900628715415,0.0,-0.75198364,19.101143,2022,2022-2023,2001-04-03
2023,4,3,93,0.8044374,0.07892901,0.9405900628715415,0.0,-0.80081177,19.330406,2022,2022-2023,2001-04-03
2023,4,3,93,0.8044374,0.07892901,0.9405900628715415,0.0,-0.75198364,19.101143,2022,2022-2023,2001-04-03
2023,4,3,93,0.8044374,0.07892901,0.9405900628715415,0.0,-0.80081177,19.330406,2022,2022-2023,2001-04-03
2023,4,6,96,0.8388519,0.07236752,0.930916330085565,0.0,5.23468,18.94846,2022,2022-2023,2001-04-06
2023,4,6,96,0.8388519,0.07236752,0.930916330085565,0.0,5.217102,19.278812,2022,2022-2023,2001-04-06
2023,4,6,96,0.8388519,0.07236752,0.930916330085565,0.0,5.23468,18.94846,2022,2022-2023,2001-04-06
2023,4,6,96,0.8388519,0.07236752,0.930916330085565,0.0,5.217102,19.278812,2022,2022-2023,2001-04-06
2023,4,8,98,0.8269162,0.13966864,0.8611036776511966,0.0,6.0391846,18.47887,2022,2022-2023,2001-04-08
2023,4,8,98,0.8269162,0.13966864,0.8611036776511966,0.0,5.92395,18.876839,2022,2022-2023,2001-04-08
2023,4,8,98,0.8269162,0.13966864,0.8611036776511966,0.0,6.0391846,18.47887,2022,2022-2023,2001-04-08
2023,4,8,98,0.8269162,0.13966864,0.8611036776511966,0.0,5.92395,18.876839,2022,2022-2023,2001-04-08
2023,4,10,100,0.76600134,0.20063043,0.779761449652114,0.0,7.5546265,17.930984,2022,2022-2023,2001-04-10
2023,4,10,100,0.76600134,0.20063043,0.779761449652114,0.0,7.406189,18.421555,2022,2022-2023,2001-04-10
2023,4,10,100,0.76600134,0.20063043,0.779761449652114,0.0,7.5546265,17.930984,2022,2022-2023,2001-04-10
2023,4,10,100,0.76600134,0.20063043,0.779761449652114,0.0,7.406189,18.421555,2022,2022-2023,2001-04-10
2023,4,11,101,0.736421,0.22961459,0.7479356219894487,0.0,6.698395,17.329216,2022,2022-2023,2001-04-11
2023,4,11,101,0.736421,0.22961459,0.7479356219894487,0.0,6.6632385,17.846298,2022,2022-2023,2001-04-11
2023,4,11,101,0.736421,0.22961459,0.7479356219894487,0.0,6.698395,17.329216,2022,2022-2023,2001-04-11
2023,4,11,101,0.736421,0.22961459,0.7479356219894487,0.0,6.6632385,17.846298,2022,2022-2023,2001-04-11
2023,4,13,103,0.69410884,0.26603585,0.6897852972806883,0.0,2.610382,17.01498,2022,2022-2023,2001-04-13
2023,4,13,103,0.69410884,0.26603585,0.6897852972806883,0.0,2.407257,17.625427,2022,2022-2023,2001-04-13
2023,4,13,103,0.69410884,0.26603585,0.6897852972806883,0.0,2.610382,17.01498,2022,2022-2023,2001-04-13
2023,4,13,103,0.69410884,0.26603585,0.6897852972806883,0.0,2.407257,17.625427,2022,2022-2023,2001-04-13
2023,4,15,105,0.66220117,0.2922663,0.656708348079116,0.0,5.4115295,17.030048,2022,2022-2023,2001-04-15
2023,4,15,105,0.66220117,0.2922663,0.656708348079116,0.0,5.356842,17.728615,2022,2022-2023,2001-04-15
2023,4,15,105,0.66220117,0.2922663,0.656708348079116,0.0,5.4115295,17.030048,2022,2022-2023,2001-04-15
2023,4,15,105,0.66220117,0.2922663,0.656708348079116,0.0,5.356842,17.728615,2022,2022-2023,2001-04-15
2023,4,16,106,0.052405085,0.123600155,0.10834553440702782,0.0,6.2710876,17.228603,2022,2022-2023,2001-04-16
2023,4,16,106,0.052405085,0.123600155,0.10834553440702782,0.0,6.181244,17.901325,2022,2022-2023,2001-04-16
2023,4,16,106,0.052405085,0.123600155,0.10834553440702782,0.0,6.2710876,17.228603,2022,2022-2023,2001-04-16
2023,4,16,106,0.052405085,0.123600155,0.10834553440702782,0.0,6.181244,17.901325,2022,2022-2023,2001-04-16
2023,4,18,108,0.8125088,0.037412286,0.8894230769230769,0.0,7.5713196,16.800308,2022,2022-2023,2001-04-18
2023,4,18,108,0.8125088,0.037412286,0.8894230769230769,0.0,7.360382,17.579746,2022,2022-2023,2001-04-18
2023,4,18,108,0.8125088,0.037412286,0.8894230769230769,0.0,7.5713196,16.800308,2022,2022-2023,2001-04-18
2023,4,18,108,0.8125088,0.037412286,0.8894230769230769,0.0,7.360382,17.579746,2022,2022-2023,2001-04-18
2023,4,20,110,0.36910492,0.26490995,0.4642857142857143,0.0,10.1718445,13.294125,2022,2022-2023,2001-04-20
2023,4,20,110,0.36910492,0.26490995,0.4642857142857143,0.0,9.957001,13.97419,2022,2022-2023,2001-04-20
2023,4,20,110,0.36910492,0.26490995,0.4642857142857143,0.0,10.1718445,13.294125,2022,2022-2023,2001-04-20
2023,4,20,110,0.36910492,0.26490995,0.4642857142857143,0.0,9.957001,13.97419,2022,2022-2023,2001-04-20
2023,4,21,111,0.32503307,0.5145492,0.46163697530392234,0.0,8.811127,11.192799,2022,2022-2023,2001-04-21
2023,4,21,111,0.32503307,0.5145492,0.46163697530392234,0.0,8.565033,11.593914,2022,2022-2023,2001-04-21
2023,4,21,111,0.32503307,0.5145492,0.46163697530392234,0.0,8.811127,11.192799,2022,2022-2023,2001-04-21
2023,4,21,111,0.32503307,0.5145492,0.46163697530392234,0.0,8.565033,11.593914,2022,2022-2023,2001-04-21
2023,4,23,113,0.38980564,0.53324467,0.48943908965732247,0.0038146973,2.384552,9.832382,2022,2022-2023,2001-04-23
2023,4,23,113,0.38980564,0.53324467,0.48943908965732247,0.0038146973,2.3142395,10.056019,2022,2022-2023,2001-04-23
2023,4,23,113,0.38980564,0.53324467,0.48943908965732247,0.0047683716,2.384552,9.832382,2022,2022-2023,2001-04-23
2023,4,23,113,0.38980564,0.53324467,0.48943908965732247,0.0047683716,2.3142395,10.056019,2022,2022-2023,2001-04-23
2023,4,26,116,0.59849906,0.30597633,0.5921975537649992,0.0,7.1708374,8.611774,2022,2022-2023,2001-04-26
2023,4,26,116,0.59849906,0.30597633,0.5921975537649992,0.0,6.9520874,8.859062,2022,2022-2023,2001-04-26
2023,4,26,116,0.59849906,0.30597633,0.5921975537649992,0.0,7.1708374,8.611774,2022,2022-2023,2001-04-26
2023,4,26,116,0.59849906,0.30597633,0.5921975537649992,0.0,6.9520874,8.859062,2022,2022-2023,2001-04-26
2023,11,1,305,0.5091249,0.10547899,0.7170042575151593,0.0019073486,-5.242157,2.2587776,2023,2023-2024,2000-11-01
2023,11,1,305,0.5091249,0.10547899,0.7170042575151593,0.0019073486,-5.210907,2.1511078,2023,2023-2024,2000-11-01
2023,11,1,305,0.5091249,0.10547899,0.7170042575151593,0.0019073486,-5.242157,2.2587776,2023,2023-2024,2000-11-01
2023,11,1,305,0.5091249,0.10547899,0.7170042575151593,0.0019073486,-5.210907,2.1511078,2023,2023-2024,2000-11-01
2023,11,4,308,0.4583431,0.01819408,0.75,0.0872612,-3.780426,2.3142815,2023,2023-2024,2000-11-04
2023,11,4,308,0.4583431,0.01819408,0.75,0.0872612,-3.7823792,2.2295952,2023,2023-2024,2000-11-04
2023,11,4,308,0.4583431,0.01819408,0.75,0.07343292,-3.780426,2.3142815,2023,2023-2024,2000-11-04
2023,11,4,308,0.4583431,0.01819408,0.75,0.07343292,-3.7823792,2.2295952,2023,2023-2024,2000-11-04
2023,11,7,311,0.5008191,0.02722016,0.8833333333333333,0.05340576,0.45407104,2.2565842,2023,2023-2024,2000-11-07
2023,11,7,311,0.5008191,0.02722016,0.8833333333333333,0.05340576,0.40719604,2.0701408,2023,2023-2024,2000-11-07
2023,11,7,311,0.5008191,0.02722016,0.8833333333333333,0.04005432,0.45407104,2.2565842,2023,2023-2024,2000-11-07
2023,11,7,311,0.5008191,0.02722016,0.8833333333333333,0.04005432,0.40719604,2.0701408,2023,2023-2024,2000-11-07
2023,11,11,315,0.5943208,0.06433579,0.9200365349485626,0.0009536743,-9.364838,3.5785675,2023,2023-2024,2000-11-11
2023,11,11,315,0.5943208,0.06433579,0.9200365349485626,0.0009536743,-9.06015,3.360653,2023,2023-2024,2000-11-11
2023,11,11,315,0.5943208,0.06433579,0.9200365349485626,0.0009536743,-9.364838,3.5785675,2023,2023-2024,2000-11-11
2023,11,11,315,0.5943208,0.06433579,0.9200365349485626,0.0009536743,-9.06015,3.360653,2023,2023-2024,2000-11-11
2024,1,30,30,0.83126616,0.076012045,0.8950034538337555,0.0,1.8113403,13.588047,2023,2023-2024,2001-01-30
2024,1,30,30,0.83126616,0.076012045,0.8950034538337555,0.0,1.6511841,13.028908,2023,2023-2024,2001-01-30
2024,1,30,30,0.83126616,0.076012045,0.8950034538337555,0.0,1.8113403,13.588047,2023,2023-2024,2001-01-30
2024,1,30,30,0.83126616,0.076012045,0.8950034538337555,0.0,1.6511841,13.028908,2023,2023-2024,2001-01-30
2024,2,2,33,0.71178555,0.07556951,0.8864263010760923,0.0,-8.6073,14.911175,2023,2023-2024,2001-02-02
2024,2,2,33,0.71178555,0.07556951,0.8864263010760923,0.0,-8.7323,14.242649,2023,2023-2024,2001-02-02
2024,2,2,33,0.71178555,0.07556951,0.8864263010760923,0.0,-8.6073,14.911175,2023,2023-2024,2001-02-02
2024,2,2,33,0.71178555,0.07556951,0.8864263010760923,0.0,-8.7323,14.242649,2023,2023-2024,2001-02-02
2024,2,5,36,0.3287933,0.042466998,0.0,0.028133392,-7.604004,15.775585,2023,2023-2024,2001-02-05
2024,2,5,36,0.3287933,0.042466998,0.0,0.028133392,-7.7231445,15.229321,2023,2023-2024,2001-02-05
2024,2,5,36,0.3287933,0.042466998,0.0,0.022888184,-7.604004,15.775585,2023,2023-2024,2001-02-05
2024,2,5,36,0.3287933,0.042466998,0.0,0.022888184,-7.7231445,15.229321,2023,2023-2024,2001-02-05
2024,2,10,41,0.60161084,0.053747535,0.93817138593354,0.0038146973,-19.162048,15.524387,2023,2023-2024,2001-02-10
2024,2,10,41,0.60161084,0.053747535,0.93817138593354,0.0038146973,-19.029236,15.112686,2023,2023-2024,2001-02-10
2024,2,10,41,0.60161084,0.053747535,0.93817138593354,0.0047683716,-19.162048,15.524387,2023,2023-2024,2001-02-10
2024,2,10,41,0.60161084,0.053747535,0.93817138593354,0.0047683716,-19.029236,15.112686,2023,2023-2024,2001-02-10
2024,2,12,43,0.58704317,0.039684176,0.9683785253671043,0.027179718,-21.746323,15.419769,2023,2023-2024,2001-02-12
2024,2,12,43,0.58704317,0.039684176,0.9683785253671043,0.027179718,-21.498276,15.082264,2023,2023-2024,2001-02-12
2024,2,12,43,0.58704317,0.039684176,0.9683785253671043,0.02002716,-21.746323,15.419769,2023,2023-2024,2001-02-12
2024,2,12,43,0.58704317,0.039684176,0.9683785253671043,0.02002716,-21.498276,15.082264,2023,2023-2024,2001-02-12
2024,2,14,45,0.5882703,0.022030145,0.9981547897499871,0.14019012,-12.328064,15.380001,2023,2023-2024,2001-02-14
2024,2,14,45,0.5882703,0.022030145,0.9981547897499871,0.14019012,-12.376892,15.080738,2023,2023-2024,2001-02-14
2024,2,14,45,0.5882703,0.022030145,0.9981547897499871,0.15068054,-12.328064,15.380001,2023,2023-2024,2001-02-14
2024,2,14,45,0.5882703,0.022030145,0.9981547897499871,0.15068054,-12.376892,15.080738,2023,2023-2024,2001-02-14
2024,2,15,46,0.37939298,0.0075379163,0.0,0.11110306,-9.914764,15.407658,2023,2023-2024,2001-02-15
2024,2,15,46,0.37939298,0.0075379163,0.0,0.11110306,-10.113983,15.146732,2023,2023-2024,2001-02-15
2024,2,15,46,0.37939298,0.0075379163,0.0,0.11587143,-9.914764,15.407658,2023,2023-2024,2001-02-15
2024,2,15,46,0.37939298,0.0075379163,0.0,0.11587143,-10.113983,15.146732,2023,2023-2024,2001-02-15
2024,2,19,50,0.7503927,0.069227695,0.9733829038917349,0.0,-11.022797,15.304279,2023,2023-2024,2001-02-19
2024,2,19,50,0.7503927,0.069227695,0.9733829038917349,0.0,-10.950531,15.033054,2023,2023-2024,2001-02-19
2024,2,19,50,0.7503927,0.069227695,0.9733829038917349,0.0,-11.022797,15.304279,2023,2023-2024,2001-02-19
2024,2,19,50,0.7503927,0.069227695,0.9733829038917349,0.0,-10.950531,15.033054,2023,2023-2024,2001-02-19
2024,2,24,55,0.32438654,0.030522317,0.0,0.002861023,1.808075,16.665459,2023,2023-2024,2001-02-24
2024,2,24,55,0.32438654,0.030522317,0.0,0.002861023,1.8764343,16.560173,2023,2023-2024,2001-02-24
2024,2,24,55,0.32438654,0.030522317,0.0,0.0038146973,1.808075,16.665459,2023,2023-2024,2001-02-24
2024,2,24,55,0.32438654,0.030522317,0.0,0.0038146973,1.8764343,16.560173,2023,2023-2024,2001-02-24
2024,2,25,56,0.3674515,0.024126187,0.007152145643693108,0.011444092,-0.37329102,16.442966,2023,2023-2024,2001-02-25
2024,2,25,56,0.3674515,0.024126187,0.007152145643693108,0.011444092,-0.27368164,16.208744,2023,2023-2024,2001-02-25
2024,2,25,56,0.3674515,0.024126187,0.007152145643693108,0.011920929,-0.37329102,16.442966,2023,2023-2024,2001-02-25
2024,2,25,56,0.3674515,0.024126187,0.007152145643693108,0.011920929,-0.27368164,16.208744,2023,2023-2024,2001-02-25
2024,2,27,58,0.35344416,0.025195286,0.0,0.0,-2.07135,16.688824,2023,2023-2024,2001-02-27
2024,2,27,58,0.35344416,0.025195286,0.0,0.0,-1.9072876,16.410446,2023,2023-2024,2001-02-27
2024,2,27,58,0.35344416,0.025195286,0.0,0.0,-2.07135,16.688824,2023,2023-2024,2001-02-27
2024,2,27,58,0.35344416,0.025195286,0.0,0.0,-1.9072876,16.410446,2023,2023-2024,2001-02-27
2024,2,29,60,0.3425116,0.015225247,0.0,0.0009536743,0.37234497,17.53788,2023,2023-2024,2001-02-28
2024,2,29,60,0.3425116,0.015225247,0.0,0.0009536743,0.45437622,17.229652,2023,2023-2024,2001-02-28
2024,2,29,60,0.3425116,0.015225247,0.0,0.0,0.37234497,17.53788,2023,2023-2024,2001-02-28
2024,2,29,60,0.3425116,0.015225247,0.0,0.0,0.45437622,17.229652,2023,2023-2024,2001-02-28
2024,3,8,68,0.3664418,0.023020685,0.0,0.03385544,-0.6428528,18.402576,2023,2023-2024,2001-03-08
2024,3,8,68,0.3664418,0.023020685,0.0,0.03385544,-0.79519653,17.86995,2023,2023-2024,2001-03-08
2024,3,8,68,0.3664418,0.023020685,0.0,0.017166138,-0.6428528,18.402576,2023,2023-2024,2001-03-08
2024,3,8,68,0.3664418,0.023020685,0.0,0.017166138,-0.79519653,17.86995,2023,2023-2024,2001-03-08
2024,3,11,71,0.7867691,0.1192292,0.8328012693072335,0.0,3.1119995,19.131565,2023,2023-2024,2001-03-11
2024,3,11,71,0.7867691,0.1192292,0.8328012693072335,0.0,3.0065308,18.483257,2023,2023-2024,2001-03-11
2024,3,11,71,0.7867691,0.1192292,0.8328012693072335,0.0,3.1119995,19.131565,2023,2023-2024,2001-03-11
2024,3,11,71,0.7867691,0.1192292,0.8328012693072335,0.0,3.0065308,18.483257,2023,2023-2024,2001-03-11
2024,3,13,73,0.7879875,0.15488356,0.8089881762059223,0.034809113,-2.58255,19.477367,2023,2023-2024,2001-03-13
2024,3,13,73,0.7879875,0.15488356,0.8089881762059223,0.034809113,-2.4263,18.75782,2023,2023-2024,2001-03-13
2024,3,13,73,0.7879875,0.15488356,0.8089881762059223,0.035762787,-2.58255,19.477367,2023,2023-2024,2001-03-13
2024,3,13,73,0.7879875,0.15488356,0.8089881762059223,0.035762787,-2.4263,18.75782,2023,2023-2024,2001-03-13
2024,3,16,76,0.58706796,0.06178099,0.9962034927866363,0.005722046,-2.9328613,22.313023,2023,2023-2024,2001-03-16
2024,3,16,76,0.58706796,0.06178099,0.9962034927866363,0.005722046,-2.9875488,21.617222,2023,2023-2024,2001-03-16
2024,3,16,76,0.58706796,0.06178099,0.9962034927866363,0.008583069,-2.9328613,22.313023,2023,2023-2024,2001-03-16
2024,3,16,76,0.58706796,0.06178099,0.9962034927866363,0.008583069,-2.9875488,21.617222,2023,2023-2024,2001-03-16
2024,3,18,78,0.7780667,0.07470915,0.9170543879351837,0.0,-3.3948364,22.006989,2023,2023-2024,2001-03-18
2024,3,18,78,0.7780667,0.07470915,0.9170543879351837,0.0,-3.5003052,21.293926,2023,2023-2024,2001-03-18
2024,3,18,78,0.7780667,0.07470915,0.9170543879351837,0.0,-3.3948364,22.006989,2023,2023-2024,2001-03-18
2024,3,18,78,0.7780667,0.07470915,0.9170543879351837,0.0,-3.5003052,21.293926,2023,2023-2024,2001-03-18
2024,3,20,80,0.37698954,0.027315497,0.04411764705882353,0.0009536743,-0.81430054,22.107983,2023,2023-2024,2001-03-20
2024,3,20,80,0.37698954,0.027315497,0.04411764705882353,0.0009536743,-0.7088318,21.368504,2023,2023-2024,2001-03-20
2024,3,20,80,0.37698954,0.027315497,0.04411764705882353,0.0009536743,-0.81430054,22.107983,2023,2023-2024,2001-03-20
2024,3,20,80,0.37698954,0.027315497,0.04411764705882353,0.0009536743,-0.7088318,21.368504,2023,2023-2024,2001-03-20
2024,3,23,83,0.5476108,0.05760199,0.9702212781753315,0.045776367,-2.5729065,22.772026,2023,2023-2024,2001-03-23
2024,3,23,83,0.5476108,0.05760199,0.9702212781753315,0.045776367,-2.690094,21.869469,2023,2023-2024,2001-03-23
2024,3,23,83,0.5476108,0.05760199,0.9702212781753315,0.039100647,-2.5729065,22.772026,2023,2023-2024,2001-03-23
2024,3,23,83,0.5476108,0.05760199,0.9702212781753315,0.039100647,-2.690094,21.869469,2023,2023-2024,2001-03-23
2024,3,25,85,0.74956936,0.06752759,0.9083741111705788,0.0,-5.8425293,22.50967,2023,2023-2024,2001-03-25
2024,3,25,85,0.74956936,0.06752759,0.9083741111705788,0.0,-5.809326,21.506405,2023,2023-2024,2001-03-25
2024,3,25,85,0.74956936,0.06752759,0.9083741111705788,0.00047683716,-5.8425293,22.50967,2023,2023-2024,2001-03-25
2024,3,25,85,0.74956936,0.06752759,0.9083741111705788,0.00047683716,-5.809326,21.506405,2023,2023-2024,2001-03-25
2024,3,26,86,0.6091068,0.11179927,0.9157835788748169,0.005722046,-4.8312073,22.561932,2023,2023-2024,2001-03-26
2024,3,26,86,0.6091068,0.11179927,0.9157835788748169,0.005722046,-4.733551,21.545982,2023,2023-2024,2001-03-26
2024,3,26,86,0.6091068,0.11179927,0.9157835788748169,0.01335144,-4.8312073,22.561932,2023,2023-2024,2001-03-26
2024,3,26,86,0.6091068,0.11179927,0.9157835788748169,0.01335144,-4.733551,21.545982,2023,2023-2024,2001-03-26
2024,4,2,93,0.70049816,0.13840795,0.8304913966826849,0.0,-5.045044,24.473763,2023,2023-2024,2001-04-02
2024,4,2,93,0.70049816,0.13840795,0.8304913966826849,0.0,-5.107544,23.180294,2023,2023-2024,2001-04-02
2024,4,2,93,0.70049816,0.13840795,0.8304913966826849,0.0,-5.045044,24.473763,2023,2023-2024,2001-04-02
2024,4,2,93,0.70049816,0.13840795,0.8304913966826849,0.0,-5.107544,23.180294,2023,2023-2024,2001-04-02
2024,4,4,95,0.70389116,0.08966482,0.906537560324628,0.0,-5.1513977,24.494267,2023,2023-2024,2001-04-04
2024,4,4,95,0.70389116,0.08966482,0.906537560324628,0.0,-5.237335,23.092747,2023,2023-2024,2001-04-04
2024,4,4,95,0.70389116,0.08966482,0.906537560324628,0.0,-5.1513977,24.494267,2023,2023-2024,2001-04-04
2024,4,4,95,0.70389116,0.08966482,0.906537560324628,0.0,-5.237335,23.092747,2023,2023-2024,2001-04-04
2024,4,5,96,0.71083564,0.08353239,0.9340888229894796,0.0,-4.2165833,24.36533,2023,2023-2024,2001-04-05
2024,4,5,96,0.71083564,0.08353239,0.9340888229894796,0.0,-4.2790833,22.923851,2023,2023-2024,2001-04-05
2024,4,5,96,0.71083564,0.08353239,0.9340888229894796,0.0,-4.2165833,24.36533,2023,2023-2024,2001-04-05
2024,4,5,96,0.71083564,0.08353239,0.9340888229894796,0.0,-4.2790833,22.923851,2023,2023-2024,2001-04-05
2024,4,12,103,0.64876795,0.20767882,0.7644536652835408,0.0,6.0640564,22.192478,2023,2023-2024,2001-04-12
2024,4,12,103,0.64876795,0.20767882,0.7644536652835408,0.0,5.853119,20.235634,2023,2023-2024,2001-04-12
2024,4,12,103,0.64876795,0.20767882,0.7644536652835408,0.0,6.0640564,22.192478,2023,2023-2024,2001-04-12
2024,4,12,103,0.64876795,0.20767882,0.7644536652835408,0.0,5.853119,20.235634,2023,2023-2024,2001-04-12
2024,4,14,105,0.6699413,0.2580698,0.6830589662601712,0.0,7.5108643,19.628525,2023,2023-2024,2001-04-14
2024,4,14,105,0.6699413,0.2580698,0.6830589662601712,0.0,7.3077393,17.59262,2023,2023-2024,2001-04-14
2024,4,14,105,0.6699413,0.2580698,0.6830589662601712,0.0,7.5108643,19.628525,2023,2023-2024,2001-04-14
2024,4,14,105,0.6699413,0.2580698,0.6830589662601712,0.0,7.3077393,17.59262,2023,2023-2024,2001-04-14
2024,4,17,108,0.43941146,0.11809464,0.5375264270613108,0.0,-0.3911438,18.204689,2023,2023-2024,2001-04-17
2024,4,17,108,0.43941146,0.11809464,0.5375264270613108,0.0,-0.5317688,15.731621,2023,2023-2024,2001-04-17
2024,4,17,108,0.43941146,0.11809464,0.5375264270613108,0.0,-0.3911438,18.204689,2023,2023-2024,2001-04-17
2024,4,17,108,0.43941146,0.11809464,0.5375264270613108,0.0,-0.5317688,15.731621,2023,2023-2024,2001-04-17
2024,4,19,110,0.186364,0.25552592,0.2905508985942138,0.0,-1.2832336,18.21642,2023,2023-2024,2001-04-19
2024,4,19,110,0.186364,0.25552592,0.2905508985942138,0.0,-1.4316711,15.63282,2023,2023-2024,2001-04-19
2024,4,19,110,0.186364,0.25552592,0.2905508985942138,0.0,-1.2832336,18.21642,2023,2023-2024,2001-04-19
2024,4,19,110,0.186364,0.25552592,0.2905508985942138,0.0,-1.4316711,15.63282,2023,2023-2024,2001-04-19
2024,4,22,113,0.47835225,0.08703257,0.6810473073490033,0.0014305115,-2.5831604,18.497753,2023,2023-2024,2001-04-22
2024,4,22,113,0.47835225,0.08703257,0.6810473073490033,0.0014305115,-2.590973,15.597916,2023,2023-2024,2001-04-22
2024,4,22,113,0.47835225,0.08703257,0.6810473073490033,0.0014305115,-2.5831604,18.497753,2023,2023-2024,2001-04-22
2024,4,22,113,0.47835225,0.08703257,0.6810473073490033,0.0014305115,-2.590973,15.597916,2023,2023-2024,2001-04-22
2024,4,24,115,0.34368348,0.004865676,0.0,0.058174133,2.938202,19.896317,2023,2023-2024,2001-04-24
2024,4,24,115,0.34368348,0.004865676,0.0,0.058174133,2.9186707,16.554832,2023,2023-2024,2001-04-24
2024,4,24,115,0.34368348,0.004865676,0.0,0.036239624,2.938202,19.896317,2023,2023-2024,2001-04-24
2024,4,24,115,0.34368348,0.004865676,0.0,0.036239624,2.9186707,16.554832,2023,2023-2024,2001-04-24
2024,4,25,116,0.67880654,0.11332774,0.8942378724452106,0.0,4.270355,19.750786,2023,2023-2024,2001-04-25
2024,4,25,116,0.67880654,0.11332774,0.8942378724452106,0.0,4.2742615,16.335583,2023,2023-2024,2001-04-25
2024,4,25,116,0.67880654,0.11332774,0.8942378724452106,0.0,4.270355,19.750786,2023,2023-2024,2001-04-25
2024,4,25,116,0.67880654,0.11332774,0.8942378724452106,0.0,4.2742615,16.335583,2023,2023-2024,2001-04-25
2024,11,5,310,0.3590794,0.014717445,0.0,0.021457672,0.050933838,1.2217522,2024,2024-2025,2000-11-05
2024,11,5,310,0.3590794,0.014717445,0.0,0.021457672,0.13882446,1.4427185,2024,2024-2025,2000-11-05
2024,11,5,310,0.3590794,0.014717445,0.0,0.03194809,0.050933838,1.2217522,2024,2024-2025,2000-11-05
2024,11,5,310,0.3590794,0.014717445,0.0,0.03194809,0.13882446,1.4427185,2024,2024-2025,2000-11-05
2025,2,3,34,0.7200583,0.04684609,0.9844484802141082,0.00667572,-12.494812,7.883358,2024,2024-2025,2001-02-03
2025,2,3,34,0.7200583,0.04684609,0.9844484802141082,0.00667572,-12.514343,8.838367,2024,2024-2025,2001-02-03
2025,2,3,34,0.7200583,0.04684609,0.9844484802141082,0.005722046,-12.494812,7.883358,2024,2024-2025,2001-02-03
2025,2,3,34,0.7200583,0.04684609,0.9844484802141082,0.005722046,-12.514343,8.838367,2024,2024-2025,2001-02-03
2025,2,8,39,0.35867018,0.022109225,0.0,0.0038146973,-2.2983093,8.482838,2024,2024-2025,2001-02-08
2025,2,8,39,0.35867018,0.022109225,0.0,0.0038146973,-2.2240906,9.600258,2024,2024-2025,2001-02-08
2025,2,8,39,0.35867018,0.022109225,0.0,0.0023841858,-2.2983093,8.482838,2024,2024-2025,2001-02-08
2025,2,8,39,0.35867018,0.022109225,0.0,0.0023841858,-2.2240906,9.600258,2024,2024-2025,2001-02-08
2025,2,13,44,0.8657689,0.046655715,0.9877284196039453,0.0,-7.6321106,8.66642,2024,2024-2025,2001-02-13
2025,2,13,44,0.8657689,0.046655715,0.9877284196039453,0.0,-7.8215637,9.920025,2024,2024-2025,2001-02-13
2025,2,13,44,0.8657689,0.046655715,0.9877284196039453,0.0,-7.6321106,8.66642,2024,2024-2025,2001-02-13
2025,2,13,44,0.8657689,0.046655715,0.9877284196039453,0.0,-7.8215637,9.920025,2024,2024-2025,2001-02-13
2025,2,14,45,0.80452067,0.06394479,0.8995813900145271,0.022411346,-7.959442,8.484173,2024,2024-2025,2001-02-14
2025,2,14,45,0.80452067,0.06394479,0.8995813900145271,0.022411346,-8.180145,9.749031,2024,2024-2025,2001-02-14
2025,2,14,45,0.80452067,0.06394479,0.8995813900145271,0.024795532,-7.959442,8.484173,2024,2024-2025,2001-02-14
2025,2,14,45,0.80452067,0.06394479,0.8995813900145271,0.024795532,-8.180145,9.749031,2024,2024-2025,2001-02-14
2025,2,16,47,0.5721309,0.027123868,0.9995994392149009,0.03671646,-8.710114,8.709145,2024,2024-2025,2001-02-16
2025,2,16,47,0.5721309,0.027123868,0.9995994392149009,0.03671646,-8.999176,10.040188,2024,2024-2025,2001-02-16
2025,2,16,47,0.5721309,0.027123868,0.9995994392149009,0.034332275,-8.710114,8.709145,2024,2024-2025,2001-02-16
2025,2,16,47,0.5721309,0.027123868,0.9995994392149009,0.034332275,-8.999176,10.040188,2024,2024-2025,2001-02-16
2025,2,18,49,0.7093582,0.061963677,0.891435671955649,0.0,-5.535248,8.738899,2024,2024-2025,2001-02-18
2025,2,18,49,0.7093582,0.061963677,0.891435671955649,0.0,-5.6993103,10.127926,2024,2024-2025,2001-02-18
2025,2,18,49,0.7093582,0.061963677,0.891435671955649,0.0,-5.535248,8.738899,2024,2024-2025,2001-02-18
2025,2,18,49,0.7093582,0.061963677,0.891435671955649,0.0,-5.6993103,10.127926,2024,2024-2025,2001-02-18
2025,2,19,50,0.5483871,0.03300953,0.9920453506446009,0.005722046,-5.5871277,8.687019,2024,2024-2025,2001-02-19
2025,2,19,50,0.5483871,0.03300953,0.9920453506446009,0.005722046,-6.079315,10.160255,2024,2024-2025,2001-02-19
2025,2,19,50,0.5483871,0.03300953,0.9920453506446009,0.005722046,-5.5871277,8.687019,2024,2024-2025,2001-02-19
2025,2,19,50,0.5483871,0.03300953,0.9920453506446009,0.005722046,-6.079315,10.160255,2024,2024-2025,2001-02-19
2025,2,28,59,0.35897827,0.015780002,0.0,0.020980835,-0.94802856,7.0199013,2024,2024-2025,2001-02-28
2025,2,28,59,0.35897827,0.015780002,0.0,0.020980835,-0.6531067,8.251953,2024,2024-2025,2001-02-28
2025,2,28,59,0.35897827,0.015780002,0.0,0.021457672,-0.94802856,7.0199013,2024,2024-2025,2001-02-28
2025,2,28,59,0.35897827,0.015780002,0.0,0.021457672,-0.6531067,8.251953,2024,2024-2025,2001-02-28
2025,3,6,65,0.38100857,0.011192977,0.0,0.019073486,-1.1125183,7.844734,2024,2024-2025,2001-03-06
2025,3,6,65,0.38100857,0.011192977,0.0,0.019073486,-1.1984558,9.0518,2024,2024-2025,2001-03-06
2025,3,6,65,0.38100857,0.011192977,0.0,0.018119812,-1.1125183,7.844734,2024,2024-2025,2001-03-06
2025,3,6,65,0.38100857,0.011192977,0.0,0.018119812,-1.1984558,9.0518,2024,2024-2025,2001-03-06
2025,3,10,69,0.8016939,0.1145958,0.8985489140880262,0.0,-3.6455078,8.299541,2024,2024-2025,2001-03-10
2025,3,10,69,0.8016939,0.1145958,0.8985489140880262,0.0,-3.5439453,9.539032,2024,2024-2025,2001-03-10
2025,3,10,69,0.8016939,0.1145958,0.8985489140880262,0.0,-3.6455078,8.299541,2024,2024-2025,2001-03-10
2025,3,10,69,0.8016939,0.1145958,0.8985489140880262,0.0,-3.5439453,9.539032,2024,2024-2025,2001-03-10
2025,3,11,70,0.71363974,0.1068517,0.8893933022402324,0.0,-4.7427673,8.289623,2024,2024-2025,2001-03-11
2025,3,11,70,0.71363974,0.1068517,0.8893933022402324,0.0,-4.9673767,9.541035,2024,2024-2025,2001-03-11
2025,3,11,70,0.71363974,0.1068517,0.8893933022402324,0.0,-4.7427673,8.289623,2024,2024-2025,2001-03-11
2025,3,11,70,0.71363974,0.1068517,0.8893933022402324,0.0,-4.9673767,9.541035,2024,2024-2025,2001-03-11
2025,3,13,72,0.5422716,0.071412146,0.8775109674440084,0.0038146973,-5.509491,8.26807,2024,2024-2025,2001-03-13
2025,3,13,72,0.5422716,0.071412146,0.8775109674440084,0.0038146973,-5.775116,9.504414,2024,2024-2025,2001-03-13
2025,3,13,72,0.5422716,0.071412146,0.8775109674440084,0.0047683716,-5.509491,8.26807,2024,2024-2025,2001-03-13
2025,3,13,72,0.5422716,0.071412146,0.8775109674440084,0.0047683716,-5.775116,9.504414,2024,2024-2025,2001-03-13
2025,3,16,75,0.6154369,0.10253698,0.8299031476997578,0.0076293945,-4.9604797,8.250332,2024,2024-2025,2001-03-16
2025,3,16,75,0.6154369,0.10253698,0.8299031476997578,0.0076293945,-5.2085266,9.516048,2024,2024-2025,2001-03-16
2025,3,16,75,0.6154369,0.10253698,0.8299031476997578,0.0076293945,-4.9604797,8.250332,2024,2024-2025,2001-03-16
2025,3,16,75,0.6154369,0.10253698,0.8299031476997578,0.0076293945,-5.2085266,9.516048,2024,2024-2025,2001-03-16
2025,3,20,79,0.7042665,0.14723498,0.8380939223338975,0.0,-1.5003357,8.517265,2024,2024-2025,2001-03-20
2025,3,20,79,0.7042665,0.14723498,0.8380939223338975,0.0,-1.7347107,9.791946,2024,2024-2025,2001-03-20
2025,3,20,79,0.7042665,0.14723498,0.8380939223338975,0.0,-1.5003357,8.517265,2024,2024-2025,2001-03-20
2025,3,20,79,0.7042665,0.14723498,0.8380939223338975,0.0,-1.7347107,9.791946,2024,2024-2025,2001-03-20
2025,3,21,80,0.7476598,0.1356475,0.8227354529094181,0.0,-0.2427063,8.549976,2024,2024-2025,2001-03-21
2025,3,21,80,0.7476598,0.1356475,0.8227354529094181,0.0,-0.5161438,9.839153,2024,2024-2025,2001-03-21
2025,3,21,80,0.7476598,0.1356475,0.8227354529094181,0.0,-0.2427063,8.549976,2024,2024-2025,2001-03-21
2025,3,21,80,0.7476598,0.1356475,0.8227354529094181,0.0,-0.5161438,9.839153,2024,2024-2025,2001-03-21
2025,3,23,82,0.79401267,0.13880175,0.8389594005657925,0.0,4.675812,8.755016,2024,2024-2025,2001-03-23
2025,3,23,82,0.79401267,0.13880175,0.8389594005657925,0.0,4.445343,10.105801,2024,2024-2025,2001-03-23
2025,3,23,82,0.79401267,0.13880175,0.8389594005657925,0.0,4.675812,8.755016,2024,2024-2025,2001-03-23
2025,3,23,82,0.79401267,0.13880175,0.8389594005657925,0.0,4.445343,10.105801,2024,2024-2025,2001-03-23
2025,3,25,84,0.6502874,0.100233555,0.8894428152492668,0.13780594,4.116089,9.305191,2024,2024-2025,2001-03-25
2025,3,25,84,0.6502874,0.100233555,0.8894428152492668,0.13780594,3.8934326,10.580444,2024,2024-2025,2001-03-25
2025,3,25,84,0.6502874,0.100233555,0.8894428152492668,0.0705719,4.116089,9.305191,2024,2024-2025,2001-03-25
2025,3,25,84,0.6502874,0.100233555,0.8894428152492668,0.0705719,3.8934326,10.580444,2024,2024-2025,2001-03-25
2025,4,1,91,0.6017376,0.26640335,0.661439032998059,0.0,4.9081726,7.2024345,2024,2024-2025,2001-04-01
2025,4,1,91,0.6017376,0.26640335,0.661439032998059,0.0,4.8105164,8.184242,2024,2024-2025,2001-04-01
2025,4,1,91,0.6017376,0.26640335,0.661439032998059,0.0,4.9081726,7.2024345,2024,2024-2025,2001-04-01
2025,4,1,91,0.6017376,0.26640335,0.661439032998059,0.0,4.8105164,8.184242,2024,2024-2025,2001-04-01
2025,4,2,92,0.08197519,0.078494504,0.01126126126126126,0.0,7.092499,6.6415787,2024,2024-2025,2001-04-02
2025,4,2,92,0.08197519,0.078494504,0.01126126126126126,0.0,6.908905,7.590008,2024,2024-2025,2001-04-02
2025,4,2,92,0.08197519,0.078494504,0.01126126126126126,0.0,7.092499,6.6415787,2024,2024-2025,2001-04-02
2025,4,2,92,0.08197519,0.078494504,0.01126126126126126,0.0,6.908905,7.590008,2024,2024-2025,2001-04-02
2025,4,5,95,0.27272728,0.46041673,0.43012553130356385,0.00047683716,0.12319946,5.745983,2024,2024-2025,2001-04-05
2025,4,5,95,0.27272728,0.46041673,0.43012553130356385,0.00047683716,-0.06430054,6.577301,2024,2024-2025,2001-04-05
2025,4,5,95,0.27272728,0.46041673,0.43012553130356385,0.00047683716,0.12319946,5.745983,2024,2024-2025,2001-04-05
2025,4,5,95,0.27272728,0.46041673,0.43012553130356385,0.00047683716,-0.06430054,6.577301,2024,2024-2025,2001-04-05
2025,4,7,97,0.49022803,0.3583071,0.5408101498753057,0.020980835,2.8659973,5.612564,2024,2024-2025,2001-04-07
2025,4,7,97,0.49022803,0.3583071,0.5408101498753057,0.020980835,2.6824036,6.4142227,2024,2024-2025,2001-04-07
2025,4,7,97,0.49022803,0.3583071,0.5408101498753057,0.026226044,2.8659973,5.612564,2024,2024-2025,2001-04-07
2025,4,7,97,0.49022803,0.3583071,0.5408101498753057,0.026226044,2.6824036,6.4142227,2024,2024-2025,2001-04-07
2025,4,11,101,0.22284123,0.19786361,0.2875490545843739,0.084877014,-1.7706604,5.1033974,2024,2024-2025,2001-04-11
2025,4,11,101,0.22284123,0.19786361,0.2875490545843739,0.084877014,-1.8097229,5.827141,2024,2024-2025,2001-04-11
2025,4,11,101,0.22284123,0.19786361,0.2875490545843739,0.071525574,-1.7706604,5.1033974,2024,2024-2025,2001-04-11
2025,4,11,101,0.22284123,0.19786361,0.2875490545843739,0.071525574,-1.8097229,5.827141,2024,2024-2025,2001-04-11
2025,4,12,102,0.3637452,0.02310042,0.0,0.061035156,-0.11898804,5.4940224,2024,2024-2025,2001-04-12
2025,4,12,102,0.3637452,0.02310042,0.0,0.061035156,-0.23617554,6.2469482,2024,2024-2025,2001-04-12
2025,4,12,102,0.3637452,0.02310042,0.0,0.06723404,-0.11898804,5.4940224,2024,2024-2025,2001-04-12
2025,4,12,102,0.3637452,0.02310042,0.0,0.06723404,-0.23617554,6.2469482,2024,2024-2025,2001-04-12
2025,4,15,105,0.33839732,0.34077635,0.46283100625902746,0.0042915344,4.108307,3.940773,2024,2024-2025,2001-04-15
2025,4,15,105,0.33839732,0.34077635,0.46283100625902746,0.0042915344,3.8973694,4.4472694,2024,2024-2025,2001-04-15
2025,4,15,105,0.33839732,0.34077635,0.46283100625902746,0.01001358,4.108307,3.940773,2024,2024-2025,2001-04-15
2025,4,15,105,0.33839732,0.34077635,0.46283100625902746,0.01001358,3.8973694,4.4472694,2024,2024-2025,2001-04-15
2025,4,17,107,-0.1605112,0.3767433,0.307243259850987,0.0,12.392609,1.6461372,2024,2024-2025,2001-04-17
2025,4,17,107,-0.1605112,0.3767433,0.307243259850987,0.0,12.220734,1.9124031,2024,2024-2025,2001-04-17
2025,4,17,107,-0.1605112,0.3767433,0.307243259850987,0.0,12.392609,1.6461372,2024,2024-2025,2001-04-17
2025,4,17,107,-0.1605112,0.3767433,0.307243259850987,0.0,12.220734,1.9124031,2024,2024-2025,2001-04-17
2025,4,20,110,-0.2906109,0.2523213,0.25494454024823826,0.0,5.85553,1.9097328,2024,2024-2025,2001-04-20
2025,4,20,110,-0.2906109,0.2523213,0.25494454024823826,0.0,5.7891235,2.109146,2024,2024-2025,2001-04-20
2025,4,20,110,-0.2906109,0.2523213,0.25494454024823826,0.0,5.85553,1.9097328,2024,2024-2025,2001-04-20
2025,4,20,110,-0.2906109,0.2523213,0.25494454024823826,0.0,5.7891235,2.109146,2024,2024-2025,2001-04-20
2025,4,21,111,-0.2932761,0.33467665,0.3033201462266513,0.0,2.1038513,2.0935059,2024,2024-2025,2001-04-21
2025,4,21,111,-0.2932761,0.33467665,0.3033201462266513,0.0,2.0101013,2.3983955,2024,2024-2025,2001-04-21
2025,4,21,111,-0.2932761,0.33467665,0.3033201462266513,0.0,2.1038513,2.0935059,2024,2024-2025,2001-04-21
2025,4,21,111,-0.2932761,0.33467665,0.3033201462266513,0.0,2.0101013,2.3983955,2024,2024-2025,2001-04-21
2025,4,24,114,-0.1701357,0.16319928,0.14001623376623376,0.13160706,3.3674011,0.7419586,2024,2024-2025,2001-04-24
2025,4,24,114,-0.1701357,0.16319928,0.14001623376623376,0.13160706,3.3049011,0.8741379,2024,2024-2025,2001-04-24
2025,4,24,114,-0.1701357,0.16319928,0.14001623376623376,0.076293945,3.3674011,0.7419586,2024,2024-2025,2001-04-24
2025,4,24,114,-0.1701357,0.16319928,0.14001623376623376,0.076293945,3.3049011,0.8741379,2024,2024-2025,2001-04-24
2025,4,27,117,-0.16872428,0.1628487,0.15435115309515013,0.009536743,4.403351,1.1187553,2024,2024-2025,2001-04-27
2025,4,27,117,-0.16872428,0.1628487,0.15435115309515013,0.009536743,4.2588196,1.3666153,2024,2024-2025,2001-04-27
2025,4,27,117,-0.16872428,0.1628487,0.15435115309515013,0.0104904175,4.403351,1.1187553,2024,2024-2025,2001-04-27
2025,4,27,117,-0.16872428,0.1628487,0.15435115309515013,0.0104904175,4.2588196,1.3666153,2024,2024-2025,2001-04-27
2025,4,29,119,-0.10445429,0.33507374,0.290076184035168,0.0,2.3981018,0.43525696,2024,2024-2025,2001-04-29
2025,4,29,119,-0.10445429,0.33507374,0.290076184035168,0.0,2.4566956,0.43449402,2024,2024-2025,2001-04-29
2025,4,29,119,-0.10445429,0.33507374,0.290076184035168,0.0,2.3981018,0.43525696,2024,2024-2025,2001-04-29
2025,4,29,119,-0.10445429,0.33507374,0.290076184035168,0.0,2.4566956,0.43449402,2024,2024-2025,2001-04-29
2025,11,10,314,0.73333335,0.19341224,0.9109290438965725,0.0,-4.669647,0.42657852,2025,2025-2026,2000-11-10
2025,11,10,314,0.73333335,0.19341224,0.9109290438965725,0.0,-4.763397,0.42266846,2025,2025-2026,2000-11-10
2025,11,10,314,0.73333335,0.19341224,0.9109290438965725,0.0,-4.669647,0.42657852,2025,2025-2026,2000-11-10
2025,11,10,314,0.73333335,0.19341224,0.9109290438965725,0.0,-4.763397,0.42266846,2025,2025-2026,2000-11-10
2026,1,29,29,0.55205417,0.08446708,0.7385082393755421,0.0019073486,-18.398834,10.074234,2025,2025-2026,2001-01-29
2026,1,29,29,0.55205417,0.08446708,0.7385082393755421,0.0019073486,-18.328522,9.659958,2025,2025-2026,2001-01-29
2026,1,29,29,0.55205417,0.08446708,0.7385082393755421,0.002861023,-18.398834,10.074234,2025,2025-2026,2001-01-29
2026,1,29,29,0.55205417,0.08446708,0.7385082393755421,0.002861023,-18.328522,9.659958,2025,2025-2026,2001-01-29
2026,2,4,35,0.5281239,0.07259163,0.8314587935997858,0.006198883,-12.549225,10.304642,2025,2025-2026,2001-02-04
2026,2,4,35,0.5281239,0.07259163,0.8314587935997858,0.006198883,-12.4711,10.110092,2025,2025-2026,2001-02-04
2026,2,4,35,0.5281239,0.07259163,0.8314587935997858,0.0076293945,-12.549225,10.304642,2025,2025-2026,2001-02-04
2026,2,4,35,0.5281239,0.07259163,0.8314587935997858,0.0076293945,-12.4711,10.110092,2025,2025-2026,2001-02-04
2026,2,8,39,0.46780282,0.032112435,0.981651376146789,0.0019073486,-12.340759,9.861279,2025,2025-2026,2001-02-08
2026,2,8,39,0.46780282,0.032112435,0.981651376146789,0.0019073486,-12.291931,9.690285,2025,2025-2026,2001-02-08
2026,2,8,39,0.46780282,0.032112435,0.981651376146789,0.002861023,-12.340759,9.861279,2025,2025-2026,2001-02-08
2026,2,8,39,0.46780282,0.032112435,0.981651376146789,0.002861023,-12.291931,9.690285,2025,2025-2026,2001-02-08
2026,2,11,42,0.66497177,0.0505158,0.9438246325780771,0.008106232,-18.615585,9.626961,2025,2025-2026,2001-02-11
2026,2,11,42,0.66497177,0.0505158,0.9438246325780771,0.008106232,-18.408554,9.591103,2025,2025-2026,2001-02-11
2026,2,11,42,0.66497177,0.0505158,0.9438246325780771,0.009536743,-18.615585,9.626961,2025,2025-2026,2001-02-11
2026,2,11,42,0.66497177,0.0505158,0.9438246325780771,0.009536743,-18.408554,9.591103,2025,2025-2026,2001-02-11
2026,2,13,44,0.43666506,0.025732547,0.6851710640028469,0.0071525574,-19.414139,9.903526,2025,2025-2026,2001-02-13
2026,2,13,44,0.43666506,0.025732547,0.6851710640028469,0.0071525574,-19.31453,9.847641,2025,2025-2026,2001-02-13
2026,2,13,44,0.43666506,0.025732547,0.6851710640028469,0.0076293945,-19.414139,9.903526,2025,2025-2026,2001-02-13
2026,2,13,44,0.43666506,0.025732547,0.6851710640028469,0.0076293945,-19.31453,9.847641,2025,2025-2026,2001-02-13
2026,2,14,45,0.40925115,0.00594303,0.0,0.0014305115,-14.637238,9.864426,2025,2025-2026,2001-02-14
2026,2,14,45,0.40925115,0.00594303,0.0,0.0014305115,-14.27005,9.805489,2025,2025-2026,2001-02-14
2026,2,14,45,0.40925115,0.00594303,0.0,0.0019073486,-14.637238,9.864426,2025,2025-2026,2001-02-14
2026,2,14,45,0.40925115,0.00594303,0.0,0.0019073486,-14.27005,9.805489,2025,2025-2026,2001-02-14
2026,2,19,50,0.49160656,0.062252894,0.804696132596685,0.0019073486,-10.587555,11.256599,2025,2025-2026,2001-02-19
2026,2,19,50,0.49160656,0.062252894,0.804696132596685,0.0019073486,-10.640289,11.305141,2025,2025-2026,2001-02-19
2026,2,19,50,0.49160656,0.062252894,0.804696132596685,0.0014305115,-10.587555,11.256599,2025,2025-2026,2001-02-19
2026,2,19,50,0.49160656,0.062252894,0.804696132596685,0.0014305115,-10.640289,11.305141,2025,2025-2026,2001-02-19
2026,2,23,54,0.75977814,0.036163956,0.9936622949566015,0.0,-14.373199,10.74791,2025,2025-2026,2001-02-23
2026,2,23,54,0.75977814,0.036163956,0.9936622949566015,0.0,-14.386871,10.8932495,2025,2025-2026,2001-02-23
2026,2,23,54,0.75977814,0.036163956,0.9936622949566015,0.0,-14.373199,10.74791,2025,2025-2026,2001-02-23
2026,2,23,54,0.75977814,0.036163956,0.9936622949566015,0.0,-14.386871,10.8932495,2025,2025-2026,2001-02-23
2026,2,24,55,0.76454484,0.03398925,0.9990231382163653,0.00047683716,-13.6718445,10.783005,2025,2025-2026,2001-02-24
2026,2,24,55,0.76454484,0.03398925,0.9990231382163653,0.00047683716,-13.572235,10.941696,2025,2025-2026,2001-02-24
2026,2,24,55,0.76454484,0.03398925,0.9990231382163653,0.0,-13.6718445,10.783005,2025,2025-2026,2001-02-24
2026,2,24,55,0.76454484,0.03398925,0.9990231382163653,0.0,-13.572235,10.941696,2025,2025-2026,2001-02-24
2026,3,1,60,0.40833378,0.0150184035,0.2661064425770308,0.0,-4.8247375,12.121201,2025,2025-2026,2001-03-01
2026,3,1,60,0.40833378,0.0150184035,0.2661064425770308,0.0,-4.6548157,12.222099,2025,2025-2026,2001-03-01
2026,3,1,60,0.40833378,0.0150184035,0.2661064425770308,0.0,-4.8247375,12.121201,2025,2025-2026,2001-03-01
2026,3,1,60,0.40833378,0.0150184035,0.2661064425770308,0.0,-4.6548157,12.222099,2025,2025-2026,2001-03-01
2026,3,5,64,0.45294416,0.038950384,0.7615511551155115,0.0,-2.5259705,13.763237,2025,2025-2026,2001-03-05
2026,3,5,64,0.45294416,0.038950384,0.7615511551155115,0.0,-2.6646423,13.923168,2025,2025-2026,2001-03-05
2026,3,5,64,0.45294416,0.038950384,0.7615511551155115,0.0,-2.5259705,13.763237,2025,2025-2026,2001-03-05
2026,3,5,64,0.45294416,0.038950384,0.7615511551155115,0.0,-2.6646423,13.923168,2025,2025-2026,2001-03-05
2026,3,6,65,0.47158504,0.009114936,1.0,0.0023841858,1.1690063,14.109135,2025,2025-2026,2001-03-06
2026,3,6,65,0.47158504,0.009114936,1.0,0.0023841858,1.0029907,14.211559,2025,2025-2026,2001-03-06
2026,3,6,65,0.47158504,0.009114936,1.0,0.0023841858,1.1690063,14.109135,2025,2025-2026,2001-03-06
2026,3,6,65,0.47158504,0.009114936,1.0,0.0023841858,1.0029907,14.211559,2025,2025-2026,2001-03-06
2026,3,7,66,0.39886433,0.016574472,0.08831341301460824,0.0,1.2605286,14.441681,2025,2025-2026,2001-03-07
2026,3,7,66,0.39886433,0.016574472,0.08831341301460824,0.0,0.93240356,14.519501,2025,2025-2026,2001-03-07
2026,3,7,66,0.39886433,0.016574472,0.08831341301460824,0.0,1.2605286,14.441681,2025,2025-2026,2001-03-07
2026,3,7,66,0.39886433,0.016574472,0.08831341301460824,0.0,0.93240356,14.519501,2025,2025-2026,2001-03-07
2026,3,10,69,0.8479666,0.050624967,0.9945246107340444,0.0,2.9565125,15.203476,2025,2025-2026,2001-03-10
2026,3,10,69,0.8479666,0.050624967,0.9945246107340444,0.0,2.7826843,15.211773,2025,2025-2026,2001-03-10
2026,3,10,69,0.8479666,0.050624967,0.9945246107340444,0.0,2.9565125,15.203476,2025,2025-2026,2001-03-10
2026,3,10,69,0.8479666,0.050624967,0.9945246107340444,0.0,2.7826843,15.211773,2025,2025-2026,2001-03-10
2026,3,23,82,0.37818176,0.5386902,0.48109564951448885,0.0,4.881073,12.655163,2025,2025-2026,2001-03-23
2026,3,23,82,0.37818176,0.5386902,0.48109564951448885,0.0,4.7638855,10.677242,2025,2025-2026,2001-03-23
2026,3,23,82,0.37818176,0.5386902,0.48109564951448885,0.0,4.881073,12.655163,2025,2025-2026,2001-03-23
2026,3,23,82,0.37818176,0.5386902,0.48109564951448885,0.0,4.7638855,10.677242,2025,2025-2026,2001-03-23
2026,3,27,86,0.44743502,0.1294115,0.5501899077590885,0.019073486,3.037445,12.277508,2025,2025-2026,2001-03-27
2026,3,27,86,0.44743502,0.1294115,0.5501899077590885,0.019073486,2.9007263,9.444618,2025,2025-2026,2001-03-27
2026,3,27,86,0.44743502,0.1294115,0.5501899077590885,0.029087067,3.037445,12.277508,2025,2025-2026,2001-03-27
2026,3,27,86,0.44743502,0.1294115,0.5501899077590885,0.029087067,2.9007263,9.444618,2025,2025-2026,2001-03-27
2026,4,2,92,0.3950724,0.019490272,0.19230769230769232,0.0,4.6850586,12.207413,2025,2025-2026,2001-04-02
2026,4,2,92,0.3950724,0.019490272,0.19230769230769232,0.0,4.597168,8.351803,2025,2025-2026,2001-04-02
2026,4,2,92,0.3950724,0.019490272,0.19230769230769232,0.0,4.6850586,12.207413,2025,2025-2026,2001-04-02
2026,4,2,92,0.3950724,0.019490272,0.19230769230769232,0.0,4.597168,8.351803,2025,2025-2026,2001-04-02
2026,4,4,94,0.020024953,0.5252658,0.4029625802006631,0.0,5.3537903,12.630653,2025,2025-2026,2001-04-04
2026,4,4,94,0.020024953,0.5252658,0.4029625802006631,0.0,5.332306,8.262062,2025,2025-2026,2001-04-04
2026,4,4,94,0.020024953,0.5252658,0.4029625802006631,0.0,5.3537903,12.630653,2025,2025-2026,2001-04-04
2026,4,4,94,0.020024953,0.5252658,0.4029625802006631,0.0,5.332306,8.262062,2025,2025-2026,2001-04-04
2026,4,5,95,0.2180053,0.16455752,0.10396270396270396,0.18596649,3.9449158,12.740707,2025,2025-2026,2001-04-05
2026,4,5,95,0.2180053,0.16455752,0.10396270396270396,0.18596649,3.964447,8.123398,2025,2025-2026,2001-04-05
2026,4,5,95,0.2180053,0.16455752,0.10396270396270396,0.15354156,3.9449158,12.740707,2025,2025-2026,2001-04-05
2026,4,5,95,0.2180053,0.16455752,0.10396270396270396,0.15354156,3.964447,8.123398,2025,2025-2026,2001-04-05
2026,4,9,99,0.15629323,0.24927764,0.26620636747219023,0.0,3.1717224,12.2133255,2025,2025-2026,2001-04-09
2026,4,9,99,0.15629323,0.24927764,0.26620636747219023,0.0,3.6756287,7.064152,2025,2025-2026,2001-04-09
2026,4,9,99,0.15629323,0.24927764,0.26620636747219023,0.0,3.1717224,12.2133255,2025,2025-2026,2001-04-09
2026,4,9,99,0.15629323,0.24927764,0.26620636747219023,0.0,3.6756287,7.064152,2025,2025-2026,2001-04-09
2026,4,10,100,-0.22376606,0.31460148,0.29537911414911694,0.0,5.735504,11.806011,2025,2025-2026,2001-04-10
2026,4,10,100,-0.22376606,0.31460148,0.29537911414911694,0.0,6.4464417,6.6054344,2025,2025-2026,2001-04-10
2026,4,10,100,-0.22376606,0.31460148,0.29537911414911694,0.0,5.735504,11.806011,2025,2025-2026,2001-04-10
2026,4,10,100,-0.22376606,0.31460148,0.29537911414911694,0.0,6.4464417,6.6054344,2025,2025-2026,2001-04-10
2026,4,12,102,-0.25568905,0.30743113,0.2863074509203628,0.0,10.455536,10.885906,2025,2025-2026,2001-04-12
2026,4,12,102,-0.25568905,0.30743113,0.2863074509203628,0.0,11.359833,5.9960365,2025,2025-2026,2001-04-12
2026,4,12,102,-0.25568905,0.30743113,0.2863074509203628,0.0,10.455536,10.885906,2025,2025-2026,2001-04-12
2026,4,12,102,-0.25568905,0.30743113,0.2863074509203628,0.0,11.359833,5.9960365,2025,2025-2026,2001-04-12
2026,4,14,104,-0.30716008,0.3045561,0.2605279758377459,0.0,10.496613,9.388161,2025,2025-2026,2001-04-14
2026,4,14,104,-0.30716008,0.3045561,0.2605279758377459,0.0,11.348175,5.1750183,2025,2025-2026,2001-04-14
2026,4,14,104,-0.30716008,0.3045561,0.2605279758377459,0.0,10.496613,9.388161,2025,2025-2026,2001-04-14
2026,4,14,104,-0.30716008,0.3045561,0.2605279758377459,0.0,11.348175,5.1750183,2025,2025-2026,2001-04-14
2026,4,15,105,-0.35454887,0.17577504,0.08526183603242168,0.0,12.060394,8.061314,2025,2025-2026,2001-04-15
2026,4,15,105,-0.35454887,0.17577504,0.08526183603242168,0.0,12.665863,4.497242,2025,2025-2026,2001-04-15
2026,4,15,105,-0.35454887,0.17577504,0.08526183603242168,0.0,12.060394,8.061314,2025,2025-2026,2001-04-15
2026,4,15,105,-0.35454887,0.17577504,0.08526183603242168,0.0,12.665863,4.497242,2025,2025-2026,2001-04-15
2026,4,16,106,-0.3497076,0.26470327,0.23378348672955435,0.0,8.975128,5.6625366,2025,2025-2026,2001-04-16
2026,4,16,106,-0.3497076,0.26470327,0.23378348672955435,0.0,9.600128,3.0371666,2025,2025-2026,2001-04-16
2026,4,16,106,-0.3497076,0.26470327,0.23378348672955435,0.0,8.975128,5.6625366,2025,2025-2026,2001-04-16
2026,4,16,106,-0.3497076,0.26470327,0.23378348672955435,0.0,9.600128,3.0371666,2025,2025-2026,2001-04-16
2026,4,17,107,-0.34133834,0.16458762,0.08398210797497381,0.0,6.9737244,3.2616615,2025,2025-2026,2001-04-17
2026,4,17,107,-0.34133834,0.16458762,0.08398210797497381,0.0,7.610443,1.6307831,2025,2025-2026,2001-04-17
2026,4,17,107,-0.34133834,0.16458762,0.08398210797497381,0.0,6.9737244,3.2616615,2025,2025-2026,2001-04-17
2026,4,17,107,-0.34133834,0.16458762,0.08398210797497381,0.0,7.610443,1.6307831,2025,2025-2026,2001-04-17
2026,4,19,109,-0.365084,0.240221,0.234220888447129,0.0,8.730591,0.63323975,2025,2025-2026,2001-04-19
2026,4,19,109,-0.365084,0.240221,0.234220888447129,0.0,9.027466,0.31661987,2025,2025-2026,2001-04-19
2026,4,19,109,-0.365084,0.240221,0.234220888447129,0.0,8.730591,0.63323975,2025,2025-2026,2001-04-19
2026,4,19,109,-0.365084,0.240221,0.234220888447129,0.0,9.027466,0.31661987,2025,2025-2026,2001-04-19
2026,4,20,110,-0.36842105,0.24648647,0.23775789212030823,0.0,11.592438,0.0,2025,2025-2026,2001-04-20
2026,4,20,110,-0.36842105,0.24648647,0.23775789212030823,0.0,11.7447815,0.0,2025,2025-2026,2001-04-20
2026,4,20,110,-0.36842105,0.24648647,0.23775789212030823,0.0,11.592438,0.0,2025,2025-2026,2001-04-20
2026,4,20,110,-0.36842105,0.24648647,0.23775789212030823,0.0,11.7447815,0.0,2025,2025-2026,2001-04-20
2026,4,22,112,0.1967584,0.14453255,0.21256580650729265,0.044822693,3.3996887,0.0,2025,2025-2026,2001-04-22
2026,4,22,112,0.1967584,0.14453255,0.21256580650729265,0.044822693,3.2688293,0.0,2025,2025-2026,2001-04-22
2026,4,22,112,0.1967584,0.14453255,0.21256580650729265,0.039100647,3.3996887,0.0,2025,2025-2026,2001-04-22
2026,4,22,112,0.1967584,0.14453255,0.21256580650729265,0.039100647,3.2688293,0.0,2025,2025-2026,2001-04-22
2026,4,24,114,0.19533765,0.026686981,0.0,0.084877014,4.229645,0.00667572,2025,2025-2026,2001-04-24
2026,4,24,114,0.19533765,0.026686981,0.0,0.084877014,4.260895,0.006580353,2025,2025-2026,2001-04-24
2026,4,24,114,0.19533765,0.026686981,0.0,0.052452087,4.229645,0.00667572,2025,2025-2026,2001-04-24
2026,4,24,114,0.19533765,0.026686981,0.0,0.052452087,4.260895,0.006580353,2025,2025-2026,2001-04-24
2026,4,25,115,-0.0015098138,0.4266009,0.2965344545089189,0.046253204,3.7749023,0.0,2025,2025-2026,2001-04-25
2026,4,25,115,-0.0015098138,0.4266009,0.2965344545089189,0.046253204,3.645996,0.0,2025,2025-2026,2001-04-25
2026,4,25,115,-0.0015098138,0.4266009,0.2965344545089189,0.039100647,3.7749023,0.0,2025,2025-2026,2001-04-25
2026,4,25,115,-0.0015098138,0.4266009,0.2965344545089189,0.039100647,3.645996,0.0,2025,2025-2026,2001-04-25
2026,4,26,116,-0.47262913,0.2076365,0.1589868578255675,0.0019073486,5.7571716,0.0,2025,2025-2026,2001-04-26
2026,4,26,116,-0.47262913,0.2076365,0.1589868578255675,0.0019073486,5.7845154,0.0,2025,2025-2026,2001-04-26
2026,4,26,116,-0.47262913,0.2076365,0.1589868578255675,0.002861023,5.7571716,0.0,2025,2025-2026,2001-04-26
2026,4,26,116,-0.47262913,0.2076365,0.1589868578255675,0.002861023,5.7845154,0.0,2025,2025-2026,2001-04-26
2026,4,27,117,-0.1692682,0.17668936,0.015907818622877403,0.0500679,5.0462646,0.0,2025,2025-2026,2001-04-27
2026,4,27,117,-0.1692682,0.17668936,0.015907818622877403,0.0500679,5.0931396,0.0,2025,2025-2026,2001-04-27
2026,4,27,117,-0.1692682,0.17668936,0.015907818622877403,0.072956085,5.0462646,0.0,2025,2025-2026,2001-04-27
2026,4,27,117,-0.1692682,0.17668936,0.015907818622877403,0.072956085,5.0931396,0.0,2025,2025-2026,2001-04-27
2026,4,29,119,-0.38494167,0.13310966,0.005766713750696541,0.0,5.968567,0.0,2025,2025-2026,2001-04-29
2026,4,29,119,-0.38494167,0.13310966,0.005766713750696541,0.0,5.8670044,0.0,2025,2025-2026,2001-04-29
2026,4,29,119,-0.38494167,0.13310966,0.005766713750696541,0.0,5.968567,0.0,2025,2025-2026,2001-04-29
2026,4,29,119,-0.38494167,0.13310966,0.005766713750696541,0.0,5.8670044,0.0,2025,2025-2026,2001-04-29
